county_name,fips,latitude,longitude,year,total_pop,median_income,median_home_value,price_to_income,median_gross_rent,rent_burden_pct,severe_rent_burden_pct,total_housing_units,housing_units_per_1k,vacancy_rate_pct,homeownership_pct,homeownership_white_nh_pct,homeownership_black_pct,homeownership_hispanic_pct,poverty_rate_pct,pct_white_nh,pct_black_nh,pct_asian_nh,pct_hispanic,pct_aian_nh
Adams,17001,39.98777031083264,-91.18845652194672,2014,67113,45472,106500,2.34,588,44.9,22.2,29907,445.6,10.2,71.1,72.5,27.8,74,14.4,92.7,3.7,0.8,1.3,0.1
Adams,17001,39.98777031083264,-91.18845652194672,2016,66949,48065,116400,2.42,590,41.3,20.1,29991,448,9.2,70,71.6,35.6,79.8,12.9,92.3,3.8,0.8,1.4,0.1
Adams,17001,39.98777031083264,-91.18845652194672,2018,66427,51398,126100,2.45,670,40.9,19.4,30202,454.7,9.6,71.7,73.6,36.8,43.3,12.1,91.8,4,0.8,1.5,0.3
Adams,17001,39.98777031083264,-91.18845652194672,2020,65670,55052,130500,2.37,692,42.6,18.1,30226,460.3,10,71.6,73.4,32.7,51.7,12.5,91.3,4,0.7,1.6,0.2
Adams,17001,39.98777031083264,-91.18845652194672,2022,65583,63767,151300,2.37,782,38.4,17.9,30226,460.9,9.1,72.2,74,34.6,52.3,12.1,90.7,3.9,0.7,1.8,0.1
Alexander,17003,37.19143870346038,-89.33745023062926,2014,7821,25495,52800,2.07,367,33,18.6,3977,508.5,28.9,65.7,79.7,41.3,33.3,36.8,59.7,35.9,0.3,2.1,0.4
Alexander,17003,37.19143870346038,-89.33745023062926,2016,7051,29071,50100,1.72,464,39.7,21.9,3974,563.6,36.2,68.5,79,50.8,33.3,33.5,61.1,33.9,0.3,1.8,0.4
Alexander,17003,37.19143870346038,-89.33745023062926,2018,6532,34709,53500,1.54,505,30.9,19.9,3985,610.1,41.7,71.3,78.6,58.6,100,30.2,62.2,33.2,0.1,1.1,0.7
Alexander,17003,37.19143870346038,-89.33745023062926,2020,6011,34709,56100,1.62,643,33.5,13.4,3965,659.6,43.2,74.8,78.1,69.1,100,26.9,62.7,35.1,0,1,0.1
Alexander,17003,37.19143870346038,-89.33745023062926,2022,5261,40365,58600,1.45,652,27.8,11.8,3000,570.2,42.4,77.9,83.6,69.6,NA,21.4,63.5,33.2,0.2,1,0
Bond,17005,38.88679503405851,-89.43553751554636,2014,17571,48120,106500,2.21,631,33.3,21.8,7086,403.3,12.1,75.8,75.1,95.7,81.9,15.9,88.3,4.6,1.5,3.3,0.1
Bond,17005,38.88679503405851,-89.43553751554636,2016,17137,52159,107200,2.06,665,32.8,21.2,7101,414.4,14.8,76.3,75.9,74.3,75.7,16.5,87.8,5.3,1.3,3.5,0.1
Bond,17005,38.88679503405851,-89.43553751554636,2018,16712,58097,122500,2.11,625,36.6,14.9,7228,432.5,14,77.5,78.5,53,44.1,14.5,88,6.2,1.2,3.5,0.3
Bond,17005,38.88679503405851,-89.43553751554636,2020,16520,53568,116900,2.18,603,34.7,15.3,7276,440.4,12.6,73.3,75.5,20.3,54.9,13.6,87.6,6.7,0.3,3.6,1.4
Bond,17005,38.88679503405851,-89.43553751554636,2022,16750,58617,130300,2.22,698,36.3,21.8,6895,411.6,9.8,72,74.7,12.6,26.5,14.9,86.6,6.9,0.5,3.8,0.7
Boone,17007,42.32295820116818,-88.82337329705675,2014,54005,60166,150900,2.51,720,41.2,22,19970,369.8,9.1,82.6,84.7,75.8,68.4,11.9,75,2.2,1.5,20.3,0
Boone,17007,42.32295820116818,-88.82337329705675,2016,53656,60063,146600,2.44,750,41,18.8,19959,372,7.8,79,82.5,76.8,59.1,11.1,74.5,2,1.3,20.5,0.3
Boone,17007,42.32295820116818,-88.82337329705675,2018,53606,66898,152600,2.28,838,40.1,15.3,20065,374.3,6.6,79.8,82,52.4,68.7,11,73.4,2,1.2,21.4,0.3
Boone,17007,42.32295820116818,-88.82337329705675,2020,53293,70396,160600,2.28,927,44.3,16.3,20079,376.8,6.4,82.4,83.3,53.3,82,8.2,72.5,2.5,1,22.2,0.2
Boone,17007,42.32295820116818,-88.82337329705675,2022,53459,80502,181700,2.26,938,44.3,18.2,20183,377.5,5.7,83.9,84.7,70.4,81,9.8,70.5,2.1,0.9,23.5,0.1
Brown,17009,39.961762425299646,-90.75033345091684,2014,6878,45463,85200,1.87,600,15.3,6.6,2456,357.1,13.5,75,80.9,0,0,10,74.1,14.7,1.3,5,0.2
Brown,17009,39.961762425299646,-90.75033345091684,2016,6836,52500,87400,1.66,573,17.3,4.8,2449,358.3,13,77.5,78.7,0,0,11.7,76.4,18.3,0.7,3.6,0
Brown,17009,39.961762425299646,-90.75033345091684,2018,6675,58762,89600,1.52,577,19.7,5,2456,367.9,15,75.9,76.3,0,73.2,10,73.9,20.1,0.6,4.3,0.1
Brown,17009,39.961762425299646,-90.75033345091684,2020,6599,60694,99800,1.64,485,28.4,3.3,2454,371.9,14.8,76.6,76.2,NA,100,10.8,73.9,17.9,0,6.7,0.5
Brown,17009,39.961762425299646,-90.75033345091684,2022,6334,64760,122100,1.89,625,24.4,4,2342,369.8,11.8,70.8,70.2,NA,100,10,75.4,16.4,0,6.9,0.4
Bureau,17011,41.404108827441554,-89.52872546114075,2014,34361,49921,102000,2.04,635,37.4,19.3,15683,456.4,10,75.1,76.2,58.8,64.7,12,89.4,0.6,0.7,8.2,0.2
Bureau,17011,41.404108827441554,-89.52872546114075,2016,33822,51425,105300,2.05,641,37.6,19.5,15664,463.1,10.5,75.6,77.3,25.3,61.5,13.1,88.8,0.7,0.8,8.5,0.1
Bureau,17011,41.404108827441554,-89.52872546114075,2018,33381,55940,109700,1.96,668,34.5,18.3,15705,470.5,12.1,76.3,77.1,72.7,69.4,12.6,88,0.9,0.9,9,0.1
Bureau,17011,41.404108827441554,-89.52872546114075,2020,32878,55549,103900,1.87,693,36.4,16.2,15679,476.9,12,75.3,76.1,46.7,66.4,12.3,87.2,0.8,0.8,9.3,0.2
Bureau,17011,41.404108827441554,-89.52872546114075,2022,33203,64165,120200,1.87,787,38.3,15.2,15640,471,11.1,75.9,75.9,60,78.2,12.6,86,0.6,0.9,9.9,0.1
Calhoun,17013,39.168990592702585,-90.66729712752293,2014,5033,52661,111300,2.11,593,30.8,16.9,2833,562.9,27.6,80.4,80.7,NA,NA,11.9,98,0.1,0,0.3,0
Calhoun,17013,39.168990592702585,-90.66729712752293,2016,4962,52949,118100,2.23,608,34.9,16.9,2843,573,31.9,81.7,81.8,NA,100,12.4,97.8,0.1,0.1,1,0
Calhoun,17013,39.168990592702585,-90.66729712752293,2018,4858,54392,114300,2.1,606,34.9,15.2,2882,593.2,37.4,84,83.7,NA,100,12.8,97,0.3,0.8,1.2,0
Calhoun,17013,39.168990592702585,-90.66729712752293,2020,4782,66602,131800,1.98,546,32.4,14.4,2896,605.6,42.6,88.7,88.7,NA,100,9.1,96.2,0.6,1.1,1.3,0.3
Calhoun,17013,39.168990592702585,-90.66729712752293,2022,4472,88059,160900,1.83,448,39.4,15.9,2322,519.2,48.1,89,88.8,NA,100,8.4,95.1,0.7,0,0.8,0.2
Carroll,17015,42.068735143394854,-89.93422975891374,2014,15027,49629,97000,1.95,560,41.3,20.1,8413,559.9,22.4,77.7,77.8,0,83.3,13.1,94.2,1.1,0.4,3.2,0.1
Carroll,17015,42.068735143394854,-89.93422975891374,2016,14793,50052,98300,1.96,603,32.7,16.7,8424,569.5,21.1,75.6,76,13.3,94.6,11.4,93.6,1.2,0.6,3.4,0.1
Carroll,17015,42.068735143394854,-89.93422975891374,2018,14562,51228,101600,1.98,639,30.1,14.2,8463,581.2,23.5,76.2,76.9,42.9,64.3,11.1,93.2,1.1,0.7,3.6,0.1
Carroll,17015,42.068735143394854,-89.93422975891374,2020,14398,52813,102200,1.94,621,28.9,9.9,8453,587.1,23,75.8,76.2,100,61.1,11,92.9,2.1,0.5,3.8,0
Carroll,17015,42.068735143394854,-89.93422975891374,2022,15594,61539,109900,1.79,751,31.7,11.6,8197,525.7,22.9,77.2,78.2,100,47.4,11.2,89.3,3.3,0.7,4.6,0.3
Cass,17017,39.97359008239292,-90.24744034163214,2014,13440,47443,75700,1.6,602,32.8,16.8,5807,432.1,10.4,72.1,77,7.6,53,13.4,77.5,3.3,0.1,18.1,0.1
Cass,17017,39.97359008239292,-90.24744034163214,2016,13068,48887,77200,1.58,595,33.1,13,5773,441.8,11.2,72.3,75.1,13.6,68.8,13.9,76.7,3.7,0.3,18.4,0
Cass,17017,39.97359008239292,-90.24744034163214,2018,12665,51997,78100,1.5,601,34,10.8,5832,460.5,13.9,74.7,77.8,9.2,68.7,13.5,76,4,0.4,18.7,0.1
Cass,17017,39.97359008239292,-90.24744034163214,2020,12324,53899,81700,1.52,627,27.2,8.3,5816,471.9,12.9,75.4,79,29.2,63.7,15.1,74.9,3.8,0.1,19.2,0.2
Cass,17017,39.97359008239292,-90.24744034163214,2022,12955,64826,92000,1.42,681,20.8,8.8,5684,438.7,12,77.2,79.6,57.3,69,12.3,73.3,3.4,0.8,20.3,0.1
Champaign,17019,40.13986354068176,-88.19916510096226,2014,204214,46680,149200,3.2,807,54,33.3,88355,432.7,9.9,54.9,63.1,30.9,34.6,22.7,69.8,12.4,9.6,5.5,0.1
Champaign,17019,40.13986354068176,-88.19916510096226,2016,206420,48899,151400,3.1,828,49.4,30.4,89646,434.3,10.3,55,63.7,32.2,35.2,21.6,68.9,12.4,10.2,5.6,0.1
Champaign,17019,40.13986354068176,-88.19916510096226,2018,209448,51692,157800,3.05,862,47.9,27.8,91667,437.7,10,53.6,63.4,27.6,33.1,20.9,67.7,13.2,10.6,5.8,0.1
Champaign,17019,40.13986354068176,-88.19916510096226,2020,210006,53936,166600,3.09,873,46.7,25.8,93679,446.1,11.3,53.1,63.6,23.6,35.3,19.1,66.5,13.3,10.8,6.1,0.1
Champaign,17019,40.13986354068176,-88.19916510096226,2022,206525,61090,192600,3.15,977,46.6,26.8,93444,452.5,11.7,53.5,64.1,26.6,37,18.7,65.1,13,11,6.5,0.1
Christian,17021,39.545710791907055,-89.27726824183375,2014,34415,45727,84100,1.84,606,37.3,17.1,15536,451.4,9.3,74,74.1,37.5,50,14.8,95.4,1.9,0.3,1.5,0.1
Christian,17021,39.545710791907055,-89.27726824183375,2016,33888,47417,85200,1.8,624,34.5,12.5,15501,457.4,10.3,74.7,75,37.8,48.9,13.6,95.2,1.5,0.5,1.5,0.3
Christian,17021,39.545710791907055,-89.27726824183375,2018,33231,52415,90000,1.72,661,34.2,14,15616,469.9,10.7,74.5,74.7,54.8,69.5,13,95.1,1.3,0.6,1.6,0.2
Christian,17021,39.545710791907055,-89.27726824183375,2020,32705,52120,93200,1.79,677,32.1,15.1,15592,476.7,10.4,73.9,74.4,50.6,91.4,10.6,94.9,1.5,0.7,1.6,0.2
Christian,17021,39.545710791907055,-89.27726824183375,2022,33893,56933,108800,1.91,705,31.4,17.1,15210,448.8,11.4,76.8,77.4,12,67.8,11.9,93,2.6,0.7,2,0.1
Clark,17023,39.33358182361092,-87.78773008727572,2014,16240,50412,88100,1.75,607,35.2,11.7,7746,477,13.6,74.9,75,NA,26.3,13.3,97.1,0.4,0.4,1.3,0
Clark,17023,39.33358182361092,-87.78773008727572,2016,16089,48693,84600,1.74,640,35,12,7759,482.3,14,74.6,74.8,100,31.7,16.3,96.8,0.4,0.4,1.4,0
Clark,17023,39.33358182361092,-87.78773008727572,2018,15836,54158,87800,1.62,699,32.7,11,7797,492.4,13.1,73.9,73.9,100,57.8,12.6,96.6,0.3,0.5,1.6,0.1
Clark,17023,39.33358182361092,-87.78773008727572,2020,15602,59481,94900,1.6,697,33.4,14.4,7822,501.3,14,78,78.6,0,50,8.7,96.6,0.5,0.1,1.6,0.1
Clark,17023,39.33358182361092,-87.78773008727572,2022,15467,65874,112400,1.71,816,45.9,24.7,7365,476.2,12.5,80.7,81,0,100,9,96.2,0.8,0.2,1.7,0
Clay,17025,38.754129631572276,-88.49020981230579,2014,13675,43189,76000,1.76,508,23.1,10.2,6384,466.8,15.3,80,80.4,NA,100,13.9,96.5,0.4,0.1,1.3,0.4
Clay,17025,38.754129631572276,-88.49020981230579,2016,13466,45984,76500,1.66,515,22,10.3,6363,472.5,12.2,77.6,78.2,NA,78.9,14.1,96.5,0.6,0.3,1.4,0.2
Clay,17025,38.754129631572276,-88.49020981230579,2018,13338,48691,81700,1.68,578,27.9,13.4,6428,481.9,12.3,77,77.7,NA,27.3,16,96.2,0.5,0.3,1.5,0.1
Clay,17025,38.754129631572276,-88.49020981230579,2020,13217,52167,84400,1.62,625,23.4,9.6,6452,488.2,13.1,74.3,74.8,NA,33.3,16.8,96,0.4,0.5,0.2,0.2
Clay,17025,38.754129631572276,-88.49020981230579,2022,13248,58028,103600,1.79,706,24.7,5.9,6171,465.8,11.2,76.7,77.1,NA,0,15.7,95.3,0.5,0.3,0.2,0.6
Clinton,17027,38.606486880044415,-89.42259110580179,2014,37952,62407,130700,2.09,735,31.4,17.7,15443,406.9,9.7,82.7,83.2,65.5,75.1,9.3,91.8,3.4,0.5,3,0.2
Clinton,17027,38.606486880044415,-89.42259110580179,2016,37858,63929,141200,2.21,751,33,20,15539,410.5,9.8,82.4,82.6,86.6,70.2,9.5,91.6,3.4,0.5,3,0.3
Clinton,17027,38.606486880044415,-89.42259110580179,2018,37628,65010,148100,2.28,791,35.4,19.9,15780,419.4,10.1,78.9,79.4,55.7,53.8,9,91.5,3.5,0.6,3.1,0.3
Clinton,17027,38.606486880044415,-89.42259110580179,2020,37549,67179,145700,2.17,777,38.7,14.6,15909,423.7,8.3,79.6,80.7,44.6,53.4,7.8,91.1,3.2,0.6,3.2,0.2
Clinton,17027,38.606486880044415,-89.42259110580179,2022,36998,78054,171500,2.2,888,36.7,19.1,15628,422.4,7.3,79.6,81.2,57.1,30.4,7.2,91.1,2.9,0.6,3.3,0
Coles,17029,39.5202836991237,-88.22177600708343,2014,53655,38174,90400,2.37,627,52.5,31.2,23479,437.6,10.5,61.5,63.9,17.2,29.6,22.9,91.3,3.5,1,2.3,0.1
Coles,17029,39.5202836991237,-88.22177600708343,2016,52802,38800,92800,2.39,637,49.7,28.4,23425,443.6,10,61.3,63.3,13.6,28.9,21.9,91.3,3.7,1.1,2.3,0.2
Coles,17029,39.5202836991237,-88.22177600708343,2018,51736,44071,97600,2.21,671,46.4,27.4,23526,454.7,10.1,61.6,63.5,19.1,25.7,21.5,91,3.7,1.2,2.5,0.2
Coles,17029,39.5202836991237,-88.22177600708343,2020,51065,46411,105100,2.26,678,43.3,21.8,23481,459.8,10.7,60.1,61.8,19.5,23.4,20.5,90.7,3.9,1,2.7,0.1
Coles,17029,39.5202836991237,-88.22177600708343,2022,47076,53732,114000,2.12,778,40.4,19.9,22786,484,10.5,60,61.8,22.2,19.4,19.4,89.7,3.5,0.9,2.9,0
Cook,17031,41.83962635779894,-87.81616888240244,2014,5227827,54828,222200,4.05,976,49.6,27,2177033,416.4,11,57.6,69,40.5,48.7,17.2,43.4,23.9,6.6,24.5,0.1
Cook,17031,41.83962635779894,-87.81616888240244,2016,5227575,56902,219800,3.86,999,48,25.7,2177342,416.5,10.4,56.6,68,39.8,48.5,16.7,42.9,23.6,6.8,24.9,0.1
Cook,17031,41.83962635779894,-87.81616888240244,2018,5223719,62088,237200,3.82,1091,47.2,24.7,2188394,418.9,10.3,56.9,68,39.8,49.9,15.1,42.5,23.2,7.1,25.2,0.1
Cook,17031,41.83962635779894,-87.81616888240244,2020,5169517,67886,255500,3.76,1160,44.9,23.2,2198489,425.3,9.4,57.2,67.8,40.5,51.6,13.7,42,22.9,7.4,25.3,0.1
Cook,17031,41.83962635779894,-87.81616888240244,2022,5225367,78304,293700,3.75,1318,45.2,23.6,2261319,432.8,8.6,57.5,67.6,40.9,53.4,13.4,41.1,22.4,7.6,25.9,0.1
Crawford,17033,39.00265169273086,-87.75949869055816,2014,19626,46057,79100,1.72,573,35.7,20.4,8655,441,11.7,80.1,80.7,88,18.4,13.7,91.4,3.1,0.5,2,0.6
Crawford,17033,39.00265169273086,-87.75949869055816,2016,19441,47364,82000,1.73,576,37,18.8,8657,445.3,12.2,79.3,79.8,67.4,73.7,12.3,91.1,4.2,0.4,2.1,0.1
Crawford,17033,39.00265169273086,-87.75949869055816,2018,19088,49233,87000,1.77,633,39.8,24.1,8683,454.9,11.9,78.2,78.8,57.1,55.3,11.6,88.1,5.7,0.7,3.5,0.1
Crawford,17033,39.00265169273086,-87.75949869055816,2020,18833,50968,94100,1.85,650,39.5,24.2,8680,460.9,11.2,76.8,76.7,75,81,11.5,90.9,5.7,0.1,2.3,0
Crawford,17033,39.00265169273086,-87.75949869055816,2022,18729,64163,108200,1.69,763,28,12.5,8481,452.8,11.8,79,78.5,NA,98.9,9.6,90.8,4.5,0.4,2.5,0.1
Cumberland,17035,39.27337377033135,-88.24019487534677,2014,10950,43825,87100,1.99,510,26.2,13.7,4875,445.2,13.2,80.7,81.2,NA,42.9,14.8,97.3,0.4,1,0.7,0.3
Cumberland,17035,39.27337377033135,-88.24019487534677,2016,10890,44281,91600,2.07,522,26.8,12.3,4854,445.7,13.3,79.7,79.4,NA,100,16.3,96.9,0.2,0.3,1.4,0.3
Cumberland,17035,39.27337377033135,-88.24019487534677,2018,10865,53376,100700,1.89,567,20.2,7.3,4873,448.5,11.3,79.2,79.4,NA,61.3,14,96.7,0.1,0.3,1,0.2
Cumberland,17035,39.27337377033135,-88.24019487534677,2020,10787,59271,106300,1.79,589,18.7,4.8,4879,452.3,13.3,81.2,81.7,NA,0,11.4,96.5,0.1,0.2,1,0.1
Cumberland,17035,39.27337377033135,-88.24019487534677,2022,10447,71274,116000,1.63,683,19.9,9.1,4734,453.1,12.5,81.1,82,NA,0,9.7,96,0.1,0.1,1.7,0
De Witt,17039,40.17464053399948,-88.90413061338633,2014,16461,53129,107000,2.01,580,34.7,17.3,7519,456.8,10.3,78.5,79.4,NA,41.9,12.7,95.5,0.5,0.1,2.2,0
De Witt,17039,40.17464053399948,-88.90413061338633,2016,16322,53510,99500,1.86,573,29.3,11.9,7513,460.3,10.5,78.5,79.5,NA,36.1,12,95.1,0.3,0,2.4,0
De Witt,17039,40.17464053399948,-88.90413061338633,2018,16042,55591,100900,1.82,587,36.8,10.2,7569,471.8,12,79.4,80.3,0,44.8,11,94.7,0.5,0,2.7,0
De Witt,17039,40.17464053399948,-88.90413061338633,2020,15764,57727,103600,1.79,686,39.9,8,7578,480.7,11.2,76.2,77,14.3,41.2,10.3,94.4,1,0,2.8,0
De Witt,17039,40.17464053399948,-88.90413061338633,2022,15535,61823,121100,1.96,801,37.7,11,7333,472,9.4,76.4,77.3,12.5,79.3,10.2,94.2,0.8,0.2,3,0.1
DeKalb,17037,41.893226506570215,-88.77032468710071,2014,104919,53771,169100,3.14,846,55,32.4,41034,391.1,8.9,59.6,64.6,11.5,39.9,18.8,78.7,6.4,2.4,10.5,0.1
DeKalb,17037,41.893226506570215,-88.77032468710071,2016,104458,56076,166000,2.96,877,51.2,28.5,41017,392.7,8.9,57.5,62.4,11.4,42.5,18.2,78,6.7,2.5,10.7,0
DeKalb,17037,41.893226506570215,-88.77032468710071,2018,104200,61086,169800,2.78,914,48,24.8,41181,395.2,8.4,57,62.3,9.1,47.1,16.5,77.2,7.4,2.5,11,0
DeKalb,17037,41.893226506570215,-88.77032468710071,2020,104588,62353,182300,2.92,917,46.8,24.9,41245,394.4,6.4,57.9,63.3,17.5,48.3,16,76.1,7.2,2.1,11.4,0
DeKalb,17037,41.893226506570215,-88.77032468710071,2022,100686,68617,218600,3.19,1024,49.5,26.7,41399,411.2,5.5,60,66.4,18.1,52.1,15.4,74.4,7.5,2.4,12.3,0.1
Douglas,17041,39.769477891328386,-88.21737965229813,2014,19867,51701,99100,1.92,677,36.4,20.2,8374,421.5,10,76.4,77.5,100,59.2,11.2,91.3,0.5,0.9,6.7,0.1
Douglas,17041,39.769477891328386,-88.21737965229813,2016,19770,52984,101700,1.92,658,31.4,15,8385,424.1,9.8,73.6,75,100,49,11.4,90.7,0.3,0.7,7.1,0.3
Douglas,17041,39.769477891328386,-88.21737965229813,2018,19714,54218,106500,1.96,688,34.9,15.9,8442,428.2,9.8,71.7,73.5,100,44.7,11.2,90.4,0.5,0.7,7.2,0.3
Douglas,17041,39.769477891328386,-88.21737965229813,2020,19551,59620,120500,2.02,734,40.9,15.7,8469,433.2,10.3,75.9,76.9,100,61.6,10.7,90,0.8,0.6,7.3,0.3
Douglas,17041,39.769477891328386,-88.21737965229813,2022,19714,67177,137100,2.04,748,36,15.1,8484,430.4,9.9,78.6,79.6,54,68.5,9.5,88.7,1.1,0.6,7.6,0.2
DuPage,17043,41.851897500474045,-88.08557781710607,2014,926485,79016,279700,3.54,1127,45.1,20.6,356625,384.9,5.5,73.8,79.7,25.5,54.7,7.1,69.1,4.5,10.5,13.7,0.1
DuPage,17043,41.851897500474045,-88.08557781710607,2016,930514,81521,283500,3.48,1178,43.9,21.2,357549,384.2,5.2,72.9,78.8,27.7,53.1,7,68.3,4.5,11,14,0.1
DuPage,17043,41.851897500474045,-88.08557781710607,2018,931743,88711,299000,3.37,1280,43.9,21.5,359299,385.6,4.9,73.2,79.3,29.3,52.5,6.8,67.3,4.6,11.6,14.2,0.1
DuPage,17043,41.851897500474045,-88.08557781710607,2020,926005,94930,315600,3.32,1365,42,19.9,361221,390.1,4.7,73,79.1,29.1,53.3,6.2,66.2,4.8,12.1,14.3,0.1
DuPage,17043,41.851897500474045,-88.08557781710607,2022,930559,107035,361700,3.38,1551,42,20.1,365347,392.6,4.5,73.1,79.1,28.8,55.4,6.3,64.5,4.7,12.5,14.8,0
Edgar,17045,39.678460117163404,-87.7455720510352,2014,18171,43075,75700,1.76,601,42.6,21,8778,483.1,9.9,74,74.3,0,25,17.7,97.4,0.6,0.3,1.1,0.1
Edgar,17045,39.678460117163404,-87.7455720510352,2016,17828,46440,79300,1.71,593,39.4,22,8780,492.5,12.9,74.1,74.4,0,37.5,16.2,97.2,0.4,0.3,1.1,0.1
Edgar,17045,39.678460117163404,-87.7455720510352,2018,17539,51109,80100,1.57,605,35.9,26.2,8816,502.7,13.9,75.7,75.8,NA,56.5,12.3,97,0.3,1,1.1,0.1
Edgar,17045,39.678460117163404,-87.7455720510352,2020,17272,48543,82800,1.71,653,38.5,17.6,8827,511.1,11.1,74.4,75,100,25.9,11.3,96.8,0.6,0.6,1.3,0.1
Edgar,17045,39.678460117163404,-87.7455720510352,2022,16852,56687,94100,1.66,716,28.8,9.4,8265,490.4,8.1,73.7,73.7,100,57.6,11.8,96.5,0.5,0.4,1.3,0
Edwards,17047,38.41641836696924,-88.05331493973235,2014,6687,42779,64300,1.5,477,28.6,11.4,3174,474.7,13.5,82.5,82.5,NA,54.5,12.5,97.2,0.6,0.2,1.2,0
Edwards,17047,38.41641836696924,-88.05331493973235,2016,6612,47035,71500,1.52,479,26.7,7.8,3164,478.5,12.5,82.8,82.8,NA,63.6,11.7,96.9,0.3,0.9,0.9,0
Edwards,17047,38.41641836696924,-88.05331493973235,2018,6507,49766,76500,1.54,484,36.3,4.9,3194,490.9,13.1,82.4,82.5,NA,65.2,10.3,96.6,0.6,0.4,1.4,0
Edwards,17047,38.41641836696924,-88.05331493973235,2020,6431,53801,81000,1.51,609,41.5,4.6,3204,498.2,14,80.3,80.7,NA,46.4,12.1,96.5,0.4,0.3,1.4,0
Edwards,17047,38.41641836696924,-88.05331493973235,2022,6182,60784,92700,1.53,710,32.5,6.2,3055,494.2,14.1,79.2,79.8,NA,60.7,14.2,95.6,0.1,0.3,1.4,0
Effingham,17049,39.05975952669894,-88.5898410157523,2014,34280,52374,118400,2.26,579,25.4,11.5,14675,428.1,8.8,79.2,79.6,0,84,10.5,96.6,0.3,0.3,1.8,0
Effingham,17049,39.05975952669894,-88.5898410157523,2016,34356,52977,132900,2.51,598,30.6,10.1,14731,428.8,9.6,78.3,79.2,0,75.7,10.8,96.3,0.4,0.6,1.9,0
Effingham,17049,39.05975952669894,-88.5898410157523,2018,34174,56293,140300,2.49,615,31.3,14,14864,435,8.8,77.7,78.7,1.9,58.1,11.6,95.9,0.5,0.6,2,0.1
Effingham,17049,39.05975952669894,-88.5898410157523,2020,34151,59932,151700,2.53,654,27,12.2,14936,437.4,7.2,76.7,77.6,2.2,49.2,11.2,95.6,0.5,0.4,2.1,0.1
Effingham,17049,39.05975952669894,-88.5898410157523,2022,34594,73181,166500,2.28,697,27.5,12.5,15313,442.6,7.9,77.8,78.2,0,69.5,10.8,95.2,0.5,0.7,2.2,0
Fayette,17051,39.00005511508077,-89.02413460803372,2014,22041,44603,81700,1.83,549,30.6,16.3,9279,421,14,80.4,80.8,NA,21.1,16.4,94.6,3,0.2,1.6,0.1
Fayette,17051,39.00005511508077,-89.02413460803372,2016,22025,44745,81400,1.82,597,34,17.9,9232,419.2,17.1,82.1,82.9,NA,100,16.1,91.9,4.4,0.5,2.1,0.2
Fayette,17051,39.00005511508077,-89.02413460803372,2018,21724,44432,84700,1.91,605,34.7,15.8,9315,428.8,18.2,80.5,80.5,100,100,17.9,92.1,4.8,0.5,1.9,0.2
Fayette,17051,39.00005511508077,-89.02413460803372,2020,21418,45634,93200,2.04,610,34.6,17.3,9306,434.5,14.9,81.3,81.2,100,12.5,16.2,92.1,4.4,0.5,1.8,0.2
Fayette,17051,39.00005511508077,-89.02413460803372,2022,21464,51962,111500,2.15,716,33.5,15.9,8839,411.8,13.1,79.7,78.9,100,58.1,14.7,89.3,3.5,0.5,2.3,0.4
Ford,17053,40.5968205229326,-88.22334991945225,2014,13906,48908,91000,1.86,581,29.3,11.7,6277,451.4,10.6,75.3,75.6,100,61.5,11.8,95.3,0.5,0.3,2.5,0.3
Ford,17053,40.5968205229326,-88.22334991945225,2016,13758,49257,97300,1.98,591,31.4,10.3,6324,459.7,10.4,73,73.8,21.1,49.6,14,94.8,0.8,0.4,2.9,0.4
Ford,17053,40.5968205229326,-88.22334991945225,2018,13398,51120,98400,1.92,651,36.9,15.5,6367,475.2,9.2,70.6,71,0,59.1,15.8,93.8,1.1,0.5,3.2,0.4
Ford,17053,40.5968205229326,-88.22334991945225,2020,13155,50582,98600,1.95,645,40.7,19.5,6335,481.6,8.1,74.2,74.9,0,40,12.9,92.9,0.9,0.7,3.5,0.5
Ford,17053,40.5968205229326,-88.22334991945225,2022,13484,58930,113400,1.92,708,35.2,18.1,6266,464.7,9.2,76.3,77.5,0,51.6,12.1,90.9,0.5,0.7,4.1,0.1
Franklin,17055,37.992289790422674,-88.92418553794651,2014,39774,37333,65300,1.75,578,39.1,20,18622,468.2,12.8,74.5,74.9,12.5,37.2,19.5,96.5,0.3,0.3,1.4,0.1
Franklin,17055,37.992289790422674,-88.92418553794651,2016,39503,39507,68300,1.73,605,38.9,19.1,18525,469,12.7,72.5,73,10.9,28.6,19.2,96.3,0.5,0.5,1.5,0.2
Franklin,17055,37.992289790422674,-88.92418553794651,2018,39127,41414,74500,1.8,641,40.6,20.2,18617,475.8,13.3,73.8,74,4.8,55.3,19.6,95.9,0.7,0.5,1.7,0.2
Franklin,17055,37.992289790422674,-88.92418553794651,2020,38688,43671,77000,1.76,645,44.8,17.6,18643,481.9,13.1,75,75.2,7,54.1,19,95.6,0.6,0.4,1.7,0.2
Franklin,17055,37.992289790422674,-88.92418553794651,2022,37810,51031,87500,1.71,725,38.3,19.8,18478,488.7,12.9,75.1,75.6,17.2,60.8,17.8,94.8,0.4,0.3,1.9,0.1
Fulton,17057,40.4725765065336,-90.20761781708477,2014,36616,45938,81300,1.77,613,42.5,21.8,16178,441.8,10.4,75.4,76,31.2,41.8,14.9,92.4,2.4,0.3,2.6,0.2
Fulton,17057,40.4725765065336,-90.20761781708477,2016,36047,46183,82100,1.78,631,38.4,20.3,16190,449.1,12.7,76.7,77,100,28.9,15.6,92.1,3.6,0.2,2.7,0.1
Fulton,17057,40.4725765065336,-90.20761781708477,2018,35418,50180,86700,1.73,636,39.2,16.9,16310,460.5,13.6,76.8,77.3,56.4,44.5,16.5,91.9,3.7,0.1,2.9,0.2
Fulton,17057,40.4725765065336,-90.20761781708477,2020,34654,52243,92600,1.77,650,38.9,13.6,16340,471.5,13.9,78.8,79.1,51.6,72.8,14.6,91.6,3.7,0.2,3.1,0.2
Fulton,17057,40.4725765065336,-90.20761781708477,2022,33691,57223,99800,1.74,782,37.7,14.3,15895,471.8,12.2,77.8,78.4,37.5,54.1,13.4,92,2.6,0.3,2.9,0.5
Gallatin,17059,37.76274911710452,-88.23051425103903,2014,5439,40721,63800,1.57,424,28.1,10.7,2730,501.9,13.9,78.5,78.5,100,NA,16.7,96.2,0.4,0.5,0.2,0.4
Gallatin,17059,37.76274911710452,-88.23051425103903,2016,5325,41269,67200,1.63,397,30.5,10,2731,512.9,16,77.8,77.6,100,NA,16.2,95.7,0.3,0.3,0.7,0.4
Gallatin,17059,37.76274911710452,-88.23051425103903,2018,5157,42500,75300,1.77,453,35.1,11.6,2748,532.9,15.8,75.1,75,100,100,19.6,95.7,0.2,0.4,1.5,0.5
Gallatin,17059,37.76274911710452,-88.23051425103903,2020,4983,43092,76400,1.77,460,40.2,10.3,2744,550.7,17.1,77,76.7,100,100,22.5,95.5,0.4,0.1,1.1,0
Gallatin,17059,37.76274911710452,-88.23051425103903,2022,4967,51868,81000,1.56,532,21.9,5.6,2512,505.7,14.2,76.7,76.2,100,NA,19.2,94.1,0.3,0.1,0.3,0.4
Greene,17061,39.356091111042666,-90.39055704425432,2014,13677,43178,74600,1.73,583,27.4,13.1,6371,465.8,10.7,76.6,77,0,52,15.4,97.1,1,0.1,1,0.1
Greene,17061,39.356091111042666,-90.39055704425432,2016,13390,42880,77100,1.8,589,34.4,12.4,6373,476,17.2,77,77.4,0,48.5,17.4,96.8,1.1,0,1.1,0.2
Greene,17061,39.356091111042666,-90.39055704425432,2018,13218,46052,77400,1.68,591,37.1,8.1,6429,486.4,22.1,79.1,79.4,NA,100,14.4,96.4,1.5,0.2,0.7,0.3
Greene,17061,39.356091111042666,-90.39055704425432,2020,12988,51746,83400,1.61,607,34.6,9.9,6425,494.7,22.4,77.5,77.7,0,40,13,96.3,1.5,0.1,1.2,0
Greene,17061,39.356091111042666,-90.39055704425432,2022,12015,58900,92400,1.57,741,30.4,14.9,5820,484.4,21.9,76.9,76.9,0,30,13.7,96.5,0.9,0.2,1.3,0.1
Grundy,17063,41.28501401238954,-88.41847915358521,2014,50173,65197,178800,2.74,941,45.7,26.3,20157,401.7,8.7,75,76.8,22,55.8,9.3,88.1,1.4,0.6,8.7,0.1
Grundy,17063,41.28501401238954,-88.41847915358521,2016,50338,67162,183200,2.73,928,38.6,22,20358,404.4,9.1,73.8,75.1,36.9,61,9.8,87.4,1.4,0.7,9.1,0
Grundy,17063,41.28501401238954,-88.41847915358521,2018,50509,74140,191300,2.58,973,29.4,17.5,20761,411,6.6,71.1,72.8,32.8,54.7,8.8,86.5,1.2,0.8,9.7,0
Grundy,17063,41.28501401238954,-88.41847915358521,2020,50798,75767,199800,2.64,987,31.7,18.3,21113,415.6,4.9,72.8,74.6,41.1,57.2,7.1,85.7,1.1,0.8,10.2,0
Grundy,17063,41.28501401238954,-88.41847915358521,2022,52624,89993,245400,2.73,1126,36.5,21.9,21195,402.8,3.9,75.8,77.7,56.5,62.4,6,84.1,1.8,0.6,10.9,0.1
Hamilton,17065,38.081458241927564,-88.53911172507652,2014,8371,41801,77000,1.84,546,36,15.2,4079,487.3,14.2,78.3,78.2,100,100,16.6,97.6,0.7,0,1.4,0.2
Hamilton,17065,38.081458241927564,-88.53911172507652,2016,8251,45076,94100,2.09,564,31,18.3,4071,493.4,16.6,79.2,79.2,NA,NA,15,99,0.5,0.1,0.3,0.1
Hamilton,17065,38.081458241927564,-88.53911172507652,2018,8221,56862,98100,1.73,621,23.8,14,4100,498.7,17.7,80.6,80.3,NA,100,9.5,96.3,0.4,0.6,2.4,0.3
Hamilton,17065,38.081458241927564,-88.53911172507652,2020,8151,55977,104900,1.87,660,25.3,10.9,4118,505.2,18.3,77.7,79.3,NA,100,13.5,95.8,0.3,0.7,1.5,0
Hamilton,17065,38.081458241927564,-88.53911172507652,2022,8008,60574,100300,1.66,690,22.3,8.6,3821,477.1,14.4,77.1,78.5,NA,100,12.9,95.1,0.1,0.4,2,0.2
Hancock,17067,40.40363212904199,-91.16479452527291,2014,18808,45741,84000,1.84,547,27.9,10.8,9232,490.9,13.5,78.8,79,NA,66.7,12.1,97,0.4,0.3,1.2,0.1
Hancock,17067,40.40363212904199,-91.16479452527291,2016,18633,50077,84700,1.69,580,28.6,9.8,9212,494.4,16.1,79.1,79.3,100,39,11.5,96.6,0.5,0.4,1.4,0
Hancock,17067,40.40363212904199,-91.16479452527291,2018,18112,51549,86700,1.68,614,31.5,11.1,9247,510.5,19.8,81.5,82.1,71,14.3,11.9,96.3,0.8,0.4,1.5,0
Hancock,17067,40.40363212904199,-91.16479452527291,2020,17820,55818,88500,1.59,652,28.6,9.1,9248,519,18.4,81.6,82.3,0,18.7,13,95.7,0.5,0.3,1.6,0
Hancock,17067,40.40363212904199,-91.16479452527291,2022,17582,61026,104200,1.71,736,33.7,11.8,8956,509.4,16.1,81.7,82.9,0,16.8,13.1,95.1,0.7,0.3,1.8,0.1
Hardin,17069,37.51818576342323,-88.26678839904886,2014,4226,38170,68100,1.78,303,37.5,16.4,2302,544.7,24.8,82.7,82.8,NA,55.6,25.4,93.2,0.7,0.6,2.1,0.1
Hardin,17069,37.51818576342323,-88.26678839904886,2016,4173,39926,67500,1.69,371,36.7,17.1,2236,535.8,32.6,81.7,82.3,NA,25,18.8,92.8,2.8,0.7,1.7,0.4
Hardin,17069,37.51818576342323,-88.26678839904886,2018,4009,43081,71500,1.66,390,32.2,7.8,2162,539.3,33.5,80.3,81.3,NA,25,16.4,94.6,2.8,0,1.7,0.3
Hardin,17069,37.51818576342323,-88.26678839904886,2020,3890,50847,77500,1.52,350,17.4,5,2347,603.3,35.4,78.8,79.5,NA,100,13.3,96.1,2.5,0,0.8,0.3
Hardin,17069,37.51818576342323,-88.26678839904886,2022,3665,53026,90600,1.71,318,13.3,7.8,2263,617.5,34.6,80.1,80.1,NA,85.7,11.5,96.8,1.1,0,1,0
Henderson,17071,40.81790041929086,-90.92522252290838,2014,7074,48438,86300,1.78,589,26,16.1,3821,540.1,18.5,79.6,79.8,NA,72.7,10.9,96.8,0.3,0.3,1.3,0.3
Henderson,17071,40.81790041929086,-90.92522252290838,2016,6966,46216,83800,1.81,569,25.5,10.1,3827,549.4,20.2,78.7,79,NA,54.5,10.6,96.5,0.1,0.8,1.4,0.3
Henderson,17071,40.81790041929086,-90.92522252290838,2018,6884,52712,91300,1.73,533,26,6.5,3865,561.4,22.6,81.4,81.4,NA,76.6,8.2,96.2,0.1,0.7,1.7,0.2
Henderson,17071,40.81790041929086,-90.92522252290838,2020,6737,55759,85800,1.54,638,36.8,7.2,3872,574.7,21.8,83.1,82.6,NA,100,8.6,95.5,0.2,0.7,1.8,0
Henderson,17071,40.81790041929086,-90.92522252290838,2022,6374,64946,99800,1.54,732,31.4,9.6,3387,531.4,19,86.3,86.6,NA,100,9.1,94.3,0.2,0,1.9,0
Henry,17073,41.35304270675337,-90.13149010713838,2014,50031,52518,110100,2.1,620,31.8,15.9,22130,442.3,8.6,77.5,78.5,38,63.5,10.8,91.3,1.5,0.4,5.1,0.2
Henry,17073,41.35304270675337,-90.13149010713838,2016,49681,54757,112700,2.06,594,34.2,14.5,22096,444.8,8.9,77.7,78.9,40.3,55.8,12.3,90.9,1.8,0.6,5.4,0.1
Henry,17073,41.35304270675337,-90.13149010713838,2018,49464,57250,118800,2.08,649,35.9,16.9,22180,448.4,9.7,77.8,78.9,23,65,11.9,90.6,1.7,0.6,5.6,0.2
Henry,17073,41.35304270675337,-90.13149010713838,2020,49032,60000,122200,2.04,692,35.7,14.4,22168,452.1,9.8,78.8,80.9,18.9,50.6,10.8,90.1,1.8,0.5,5.8,0.1
Henry,17073,41.35304270675337,-90.13149010713838,2022,49157,66313,138900,2.09,814,34.3,16,22213,451.9,9.1,79.8,82.3,12.8,55.8,9.2,88.5,2.1,0.5,6.2,0
Iroquois,17075,40.7470482874999,-87.82434773990134,2014,29272,47184,96000,2.03,621,43,18.9,13429,458.8,12.1,75.6,76.7,46.2,52.9,15.3,91.4,1.2,0.5,6,0.1
Iroquois,17075,40.7470482874999,-87.82434773990134,2016,28814,47823,95100,1.99,619,38.4,16.9,13421,465.8,11.3,76.4,77.6,68.7,48.5,16.1,90.8,1.2,0.5,6.3,0
Iroquois,17075,40.7470482874999,-87.82434773990134,2018,28169,51825,99500,1.92,665,38.8,21.6,13492,479,12.7,76.9,77.1,100,66.1,14,90.1,1,0.3,6.8,0.1
Iroquois,17075,40.7470482874999,-87.82434773990134,2020,27437,54445,107300,1.97,690,39.1,18.6,13514,492.5,12.4,76.3,76.9,68,68.5,11.5,89.6,0.8,0.4,7.1,0.1
Iroquois,17075,40.7470482874999,-87.82434773990134,2022,27043,62866,120900,1.92,773,39.5,15.6,12815,473.9,12.5,79.2,79.9,41.5,73.7,10.7,88.5,1,0.3,7.6,0.1
Jackson,17077,37.785060156972804,-89.38205590834043,2014,60125,32681,100400,3.07,667,56.2,36.7,28634,476.2,18,52.9,62.1,22.8,9.6,32.3,75.1,14.1,3.3,4.2,0.3
Jackson,17077,37.785060156972804,-89.38205590834043,2016,59188,33845,109000,3.22,651,54,33.1,28683,484.6,17.5,51.9,60.4,19,17.6,28.3,75,14.1,3.6,4.2,0.2
Jackson,17077,37.785060156972804,-89.38205590834043,2018,58551,37802,106400,2.81,701,50.9,29.5,28996,495.2,18.2,51.9,59.5,19.7,29.6,27.5,74.2,14.7,3.4,4.3,0.2
Jackson,17077,37.785060156972804,-89.38205590834043,2020,57517,39689,114300,2.88,682,50.3,28.4,28947,503.3,16.4,50.4,58.2,14.7,36.8,24,73.9,15,3.4,4.4,0.3
Jackson,17077,37.785060156972804,-89.38205590834043,2022,53176,44847,123400,2.75,757,51.2,27.6,27835,523.5,16.9,48.5,56.2,19.2,35.1,23,73,14.4,3.6,4.7,0.1
Jasper,17079,39.01000263839026,-88.15384470230401,2014,9658,54133,91800,1.7,531,35.9,23.8,4335,448.9,12.4,86.3,86.4,NA,8.3,6.6,97.6,0.2,0.1,1.1,0.2
Jasper,17079,39.01000263839026,-88.15384470230401,2016,9592,56305,98700,1.75,540,43.2,28.2,4324,450.8,14,83.3,84,100,0,8.2,97.4,0.7,0.1,1.3,0.1
Jasper,17079,39.01000263839026,-88.15384470230401,2018,9598,54951,99400,1.81,562,42.6,28,4333,451.4,15.6,82.4,82.5,100,23.1,13.1,97.2,1,0,0.3,0.2
Jasper,17079,39.01000263839026,-88.15384470230401,2020,9547,55911,99900,1.79,645,28.5,11,4352,455.9,12.9,83.2,83.2,NA,50,12.2,97.2,0.4,0.1,0.6,0
Jasper,17079,39.01000263839026,-88.15384470230401,2022,9295,67429,117900,1.75,770,16.7,8.1,4225,454.5,12.2,81.8,82.1,NA,26.2,9.2,96.4,0.2,0.1,1.8,0
Jefferson,17081,38.300465596180885,-88.92400461781452,2014,38716,43173,85400,1.98,588,39.2,19.2,16879,436,9.4,72.6,74.5,49.8,59.6,17.2,86.5,7.6,1,2.2,0.1
Jefferson,17081,38.300465596180885,-88.92400461781452,2016,38523,43467,88500,2.04,594,43,17.5,16836,437,9.8,73,74.5,51.2,48,17.7,86.1,8.2,1.1,2.3,0.1
Jefferson,17081,38.300465596180885,-88.92400461781452,2018,38169,47617,94400,1.98,661,43.6,18.4,16971,444.6,10.3,72.7,75.6,32.6,53.3,18.4,85.7,8.4,1.2,2.5,0.1
Jefferson,17081,38.300465596180885,-88.92400461781452,2020,37774,51662,97100,1.88,717,38,16,17031,450.9,13.1,71.8,75.3,31,49.1,15.2,84.8,7.9,1.1,2.8,0.1
Jefferson,17081,38.300465596180885,-88.92400461781452,2022,37043,58384,115000,1.97,838,36.7,17.9,16659,449.7,11.3,72,74.3,35.3,73,14.1,84.3,6.5,1,2.9,0.2
Jersey,17083,39.08547449370874,-90.3565103771027,2014,22751,54391,121700,2.24,653,39.4,18.7,9952,437.4,10.8,80.2,80.3,0,88.1,7.3,96.6,0.5,0.8,1.2,0
Jersey,17083,39.08547449370874,-90.3565103771027,2016,22441,52738,129900,2.46,638,46.7,15,10016,446.3,12.5,79.3,79.6,0,55.1,9.1,96.2,0.3,0.6,1.3,0.2
Jersey,17083,39.08547449370874,-90.3565103771027,2018,22069,56747,144800,2.55,610,42.3,14.9,10125,458.8,14.4,80.7,81.1,16.7,44.2,9.2,95.9,0.5,0.2,1.4,0.1
Jersey,17083,39.08547449370874,-90.3565103771027,2020,21776,67845,148800,2.19,632,37.7,14.4,10160,466.6,19.7,82.1,82.6,100,40.4,8.1,95.5,0.5,0.3,1.5,0.1
Jersey,17083,39.08547449370874,-90.3565103771027,2022,21462,77607,161800,2.08,778,34.8,12.7,9834,458.2,21.3,81.1,81.4,100,69.2,8.1,95.3,0.7,0.6,1.5,0
Jo Daviess,17085,42.36578668736831,-90.21244028585478,2014,22427,52065,137200,2.64,659,31,16.6,13578,605.4,29.6,78.2,78.5,64.3,65.9,9,95.1,0.3,0.4,2.9,0.2
Jo Daviess,17085,42.36578668736831,-90.21244028585478,2016,22186,54702,140700,2.57,631,30.7,16.3,13596,612.8,29.3,78.3,79.2,42.9,46.1,9.3,95,0.4,0.5,2.9,0.1
Jo Daviess,17085,42.36578668736831,-90.21244028585478,2018,21834,57083,144600,2.53,639,23,12,13696,627.3,28.8,78.2,79.3,40,33.7,8.3,94.8,0.5,0.4,3,0.3
Jo Daviess,17085,42.36578668736831,-90.21244028585478,2020,21429,59223,156300,2.64,699,34.2,15.7,13723,640.4,26.6,76.7,77.6,71,30.5,9.6,94.5,0.6,0.6,3.1,0.3
Jo Daviess,17085,42.36578668736831,-90.21244028585478,2022,21942,67729,179300,2.65,768,42.9,23.3,13439,612.5,25,79.9,80.3,26.7,76.2,7.8,93.4,0.8,0.5,3.3,0.1
Johnson,17087,37.459606402643054,-88.88097114088542,2014,12650,41414,88700,2.14,636,32.9,14.3,5566,440,21.3,81.4,81.6,80,63.6,15.1,87.5,9.4,0.1,1.7,0.2
Johnson,17087,37.459606402643054,-88.88097114088542,2016,12866,44179,96000,2.17,627,31.1,15.2,5561,432.2,19,82.9,82.8,66.7,88.1,12.6,86,9.4,0.2,3.4,0.1
Johnson,17087,37.459606402643054,-88.88097114088542,2018,12602,50923,99400,1.95,644,35.3,15.1,5632,446.9,22.9,84.1,84.1,66.7,100,11.8,84.5,11.6,0.3,3.2,0.1
Johnson,17087,37.459606402643054,-88.88097114088542,2020,12391,55363,117500,2.12,637,48.1,28.7,5625,454,25.8,83.3,83.3,66.7,100,12.9,85.5,10.3,0.3,3.1,0.1
Johnson,17087,37.459606402643054,-88.88097114088542,2022,13313,63295,141200,2.23,630,39.3,28.8,5536,415.8,25.8,85.3,86.5,29.5,81,16.5,81.5,8.8,0.3,4,0
Kane,17089,41.9386447963278,-88.42866102384869,2014,521874,70514,216000,3.06,1002,51.2,25.5,182852,350.4,6.3,74.5,83,33.9,57.3,11.5,58.5,5.3,3.6,31.1,0.1
Kane,17089,41.9386447963278,-88.42866102384869,2016,526615,71602,215800,3.01,1043,49.1,24.3,184075,349.5,5.6,73.2,82.1,32.1,55,11,58,5.4,3.7,31.4,0.1
Kane,17089,41.9386447963278,-88.42866102384869,2018,530839,76912,232000,3.02,1133,47.8,23.2,186759,351.8,4.7,73.5,82,38.5,56,10,57.3,5.3,4,31.7,0.1
Kane,17089,41.9386447963278,-88.42866102384869,2020,531756,83374,245500,2.94,1187,47.3,23.1,189301,356,3.9,74.6,81.9,43,59.6,8.5,56.7,5.2,3.9,32,0.1
Kane,17089,41.9386447963278,-88.42866102384869,2022,517254,96400,290100,3.01,1335,46.8,22.7,188854,365.1,3.5,75.2,81.8,46.8,61.7,8.3,55.5,5,3.8,32.6,0.1
Kankakee,17091,41.13778925142449,-87.86194837331986,2014,112682,51000,143100,2.81,808,45,24.8,45189,401,8.3,68.6,75.7,34.3,52.7,15.9,72.8,14.6,1.1,9.4,0.2
Kankakee,17091,41.13778925142449,-87.86194837331986,2016,111493,54697,138900,2.54,828,42.6,25.7,45182,405.2,10.4,68.9,76.6,34.5,53.7,15.7,72.3,15.1,1.1,9.8,0.2
Kankakee,17091,41.13778925142449,-87.86194837331986,2018,111061,57981,144200,2.49,869,45.6,24.8,45515,409.8,12,68.2,76,33.2,49.9,14.8,72.2,14.9,0.9,10.2,0.2
Kankakee,17091,41.13778925142449,-87.86194837331986,2020,109924,59370,152800,2.57,906,47.8,23.8,45626,415.1,11.7,67.1,74.7,34.2,53.4,13,71.4,14.8,0.8,10.6,0.2
Kankakee,17091,41.13778925142449,-87.86194837331986,2022,107421,65489,176800,2.7,1025,47.4,22.8,45312,421.8,10.4,68.1,75.5,35.2,60.5,14,69.9,14.5,1,11.5,0
Kendall,17093,41.59052840458531,-88.42878295211482,2014,118194,83844,204100,2.43,1206,43,20.2,40747,344.7,5.6,83.1,86.1,58.7,72,5.8,73.2,5.7,3.3,16.2,0
Kendall,17093,41.59052840458531,-88.42878295211482,2016,121452,85736,205500,2.4,1239,43.6,19.3,41088,338.3,4.4,81.9,85.5,61,68.1,5.4,72,6.4,3.1,17,0
Kendall,17093,41.59052840458531,-88.42878295211482,2018,124626,91764,224200,2.44,1331,45.4,21.5,41683,334.5,3.1,83,86.9,66.8,64.6,5.3,70.3,6.6,3.3,18.1,0.1
Kendall,17093,41.59052840458531,-88.42878295211482,2020,127583,96854,243700,2.52,1487,46.4,23.5,42378,332.2,2.3,83.5,87,59.6,71.9,4.4,68.2,7.5,3.3,19.4,0.1
Kendall,17093,41.59052840458531,-88.42878295211482,2022,132795,106358,288100,2.71,1695,51.6,23.9,45078,339.5,2.7,84.1,86.3,69.1,79.8,4.7,64.9,7.8,2.9,21,0
Knox,17095,40.93166438376863,-90.2132312342518,2014,52447,39800,80800,2.03,589,44.2,19.8,23960,456.8,10.5,66.8,69.2,28.4,56,17.7,84.2,8.4,0.9,5.2,0.1
Knox,17095,40.93166438376863,-90.2132312342518,2016,51752,40605,80100,1.97,593,40.5,18.8,23908,462,11.6,65.4,67.9,27.3,53.7,17.6,83.8,8.2,1.1,5.4,0
Knox,17095,40.93166438376863,-90.2132312342518,2018,50999,43709,83100,1.9,631,42.3,20.2,23943,469.5,13,65.4,69.2,15.4,45.8,18.1,83,8.5,1,5.6,0
Knox,17095,40.93166438376863,-90.2132312342518,2020,50052,44464,83700,1.88,623,46.3,22.8,23890,477.3,14.5,66.5,69.3,15.6,75,16.7,82.4,8.7,1.1,6,0.3
Knox,17095,40.93166438376863,-90.2132312342518,2022,49751,50263,96800,1.93,694,51.7,27.9,23809,478.6,12.9,68.7,71.5,25.7,69,16.3,81.4,8,1,6.2,0.1
LaSalle,17099,41.34366256645284,-88.8860120092018,2014,112698,51232,123400,2.41,688,41.3,21.7,49871,442.5,12,74.4,75.3,17.9,72,12.9,87.5,2,0.6,8.5,0.2
LaSalle,17099,41.34366256645284,-88.8860120092018,2016,111935,51684,123200,2.38,700,43.5,22.6,49871,445.5,11,72.7,73.8,20.1,68,13.9,86.5,2.3,0.7,9,0.2
LaSalle,17099,41.34366256645284,-88.8860120092018,2018,110401,56243,126000,2.24,756,43.7,20.9,50129,454.1,10.9,72.5,73.6,15.1,72.3,13.5,85.8,2.4,0.8,9.5,0.2
LaSalle,17099,41.34366256645284,-88.8860120092018,2020,108998,60069,130600,2.17,785,39.3,18.8,50120,459.8,10,72.3,73.3,7.9,72,13.6,85,2.6,0.8,9.9,0.1
LaSalle,17099,41.34366256645284,-88.8860120092018,2022,109495,67942,147400,2.17,874,39.5,19.6,49796,454.8,9.4,73.4,75.1,5,65.8,13.7,83.7,2.7,0.9,10.5,0
Lake,17097,42.32323827759614,-88.0036551962103,2014,703170,77873,247300,3.18,1055,47.8,23.9,260834,370.9,7.3,75.1,82.2,40.4,57.4,9.4,64.2,6.6,6.5,20.5,0.1
Lake,17097,42.32323827759614,-88.0036551962103,2016,702890,79886,246700,3.09,1088,45.8,21,261715,372.3,7,73.5,81.2,38.5,54.3,8.9,63.4,6.6,6.9,20.9,0.1
Lake,17097,42.32323827759614,-88.0036551962103,2018,703619,86244,259900,3.01,1168,45.5,21.1,263360,374.3,7.1,73.4,81.9,36.6,54.2,8.3,62.2,6.6,7.5,21.4,0.1
Lake,17097,42.32323827759614,-88.0036551962103,2020,699682,92654,271700,2.93,1216,43.5,20.3,264681,378.3,6,73.5,81.5,37.3,56.6,7.6,60.8,6.5,8,21.9,0.1
Lake,17097,42.32323827759614,-88.0036551962103,2022,713159,104553,313700,3,1382,44,21.5,269416,377.8,5.4,73.8,81.4,39.8,58.8,7.8,58.9,6.5,8.4,22.8,0.1
Lawrence,17101,38.7199189895974,-87.7268280686527,2014,16726,39569,66200,1.67,530,32.8,10.9,5807,347.2,14.2,76,76.7,61.8,60,13,72,20.7,0.1,5.3,0.4
Lawrence,17101,38.7199189895974,-87.7268280686527,2016,16582,42650,70800,1.66,578,35.4,15.3,6382,384.9,12.9,72.1,73.2,15.4,67.5,16,77.1,16.2,0.3,4.9,0.2
Lawrence,17101,38.7199189895974,-87.7268280686527,2018,16189,45654,73800,1.62,621,33.1,13.6,7093,438.1,13.4,71.1,73.6,0,40.8,16.7,84.7,8.9,0.3,3.8,0.2
Lawrence,17101,38.7199189895974,-87.7268280686527,2020,15830,53087,80500,1.52,717,28.1,7.1,7175,453.3,14.1,71.5,74.5,1.9,95.8,13.6,84.6,9.6,0.1,2.8,0.2
Lawrence,17101,38.7199189895974,-87.7268280686527,2022,15302,55811,93900,1.68,781,30.7,7.4,6355,415.3,14.6,74.9,76.9,1.3,100,13.7,84.8,8,0.4,2.3,0.2
Lee,17103,41.74616802975642,-89.30033741544165,2014,35248,52004,110700,2.13,670,34.8,16.1,15057,427.2,10.6,74.2,75.6,46.3,52.8,10.8,87.6,4.6,0.7,5.4,0.1
Lee,17103,41.74616802975642,-89.30033741544165,2016,34718,55067,114800,2.08,681,33.8,16.9,15042,433.3,10.2,73.2,74.5,66.3,41.6,12,87,5,0.6,5.7,0.2
Lee,17103,41.74616802975642,-89.30033741544165,2018,34527,57901,117600,2.03,696,34.6,19.4,15092,437.1,9.2,72.8,74,53.1,47.1,10.9,86.4,5.1,0.6,6,0.3
Lee,17103,41.74616802975642,-89.30033741544165,2020,34204,59986,122600,2.04,671,40.6,19.1,15086,441.1,9.6,69.6,70.5,73.9,55,12,85.9,5.3,0.7,6.4,0.2
Lee,17103,41.74616802975642,-89.30033741544165,2022,34221,64588,147100,2.28,806,40.4,18.9,14993,438.1,8.8,70.8,71.8,45.3,58.6,12.5,85.3,5.3,0.6,6.8,0
Livingston,17105,40.89147292842105,-88.55753367821409,2014,38476,54723,109200,2,629,31.2,15.4,15851,412,8.4,72.9,73.6,42,55.1,10.9,88.8,5.4,0.7,4.2,0
Livingston,17105,40.89147292842105,-88.55753367821409,2016,37278,54074,110400,2.04,635,35.5,19.9,15845,425,8.3,71.8,72,82.8,75.4,12.8,89.3,4.3,0.7,4.3,0
Livingston,17105,40.89147292842105,-88.55753367821409,2018,36324,56200,109700,1.95,690,40.6,22.9,15897,437.6,9.9,72.1,71.7,55.7,78.9,13.8,89.2,3.9,0.8,4.5,0
Livingston,17105,40.89147292842105,-88.55753367821409,2020,35757,58676,114000,1.94,745,35.4,18.7,15884,444.2,9.6,71.9,71.5,88.6,68.1,12.9,88.9,3.9,0.8,4.8,0
Livingston,17105,40.89147292842105,-88.55753367821409,2022,35771,68175,128100,1.88,836,32.9,13.1,15909,444.7,7.8,72.3,72.8,55,67.7,10.2,88.9,3.6,0.5,5.1,0
Logan,17107,40.12443217906263,-89.36744906341927,2014,30047,49882,97500,1.95,610,38.1,16.2,11898,396,8.3,69.3,72.1,16.3,33.3,12.9,80.3,11.2,0.8,3.2,0.2
Logan,17107,40.12443217906263,-89.36744906341927,2016,29820,52676,97500,1.85,671,35.4,12.4,11966,401.3,7.9,68.6,72.7,25,17.2,12.5,79.2,10.2,0.6,3.3,0.3
Logan,17107,40.12443217906263,-89.36744906341927,2018,29207,57899,102900,1.78,680,28.9,14,12062,413,9.9,72.7,74.1,29.5,36.3,8.5,86.5,6.3,0.7,3.4,0.1
Logan,17107,40.12443217906263,-89.36744906341927,2020,28818,58122,107600,1.85,714,35.6,18.2,12040,417.8,9,71.3,74,4.5,55,10.1,86.1,7.4,0.4,3.5,0.1
Logan,17107,40.12443217906263,-89.36744906341927,2022,28027,62547,118200,1.89,761,36.4,14.5,11985,427.6,7.4,70.6,72.1,15.5,77.9,11.5,86.7,6,0.3,3.5,0
Macon,17115,39.85987404535801,-88.96158894112965,2014,109833,46696,94000,2.01,665,44.1,23.3,50424,459.1,10.5,69.2,75.3,38.3,40.5,18.1,77.7,15.1,1.2,2,0.2
Macon,17115,39.85987404535801,-88.96158894112965,2016,108404,47477,95700,2.02,653,44.5,22.3,50321,464.2,10.9,69.1,75.9,36.4,42.1,18.7,77,14,1.2,2.1,0.3
Macon,17115,39.85987404535801,-88.96158894112965,2018,106512,50444,96800,1.92,676,44.8,23.7,50464,473.8,12.6,69.5,76.4,36.8,54.1,16.2,76.5,14.3,1.1,2.2,0.3
Macon,17115,39.85987404535801,-88.96158894112965,2020,104688,53725,103100,1.92,690,41.4,22.6,50364,481.1,13,69.1,76.3,34.9,68.2,15.2,75.7,15.7,1.2,2.3,0.2
Macon,17115,39.85987404535801,-88.96158894112965,2022,103542,59622,119800,2.01,774,37.3,19.5,49757,480.5,12.9,68.9,76.5,35.2,59.5,15.5,74.8,16.9,1.4,2.5,0
Macoupin,17117,39.26076573106186,-89.92445316953678,2014,47229,50911,96000,1.89,617,41.3,18.7,21547,456.2,11.4,76.2,76.2,61,72.2,12.5,96.6,0.3,0.3,1,0.1
Macoupin,17117,39.26076573106186,-89.92445316953678,2016,46482,52337,95500,1.82,633,45.6,23.7,21556,463.7,13,77.4,77.7,80.9,65.9,13,96.4,0.5,0.4,1,0.1
Macoupin,17117,39.26076573106186,-89.92445316953678,2018,45719,53778,99600,1.85,681,47.4,24.7,21710,474.9,13.5,76.3,77.1,67.7,39.2,13.4,96.2,0.9,0.5,1.2,0.2
Macoupin,17117,39.26076573106186,-89.92445316953678,2020,45243,56264,102900,1.83,727,42,21.5,21769,481.2,14.7,75.3,76.1,47,37,13.7,95.7,1,0.4,1.3,0.3
Macoupin,17117,39.26076573106186,-89.92445316953678,2022,44907,64706,121300,1.87,796,34.1,19.2,21091,469.7,16.7,77.8,78.8,38.5,38.7,14.7,95,1.1,0.5,1.3,0.1
Madison,17119,38.82972500803403,-89.90486202272683,2014,267937,53912,125100,2.32,782,45.9,22.8,117648,439.1,8.8,71.4,74.9,36.1,57.2,13.9,86.2,8,0.8,2.9,0.2
Madison,17119,38.82972500803403,-89.90486202272683,2016,266759,54573,129200,2.37,779,44.2,20.9,118170,443,9.4,70.8,74.6,33.1,58.3,13.2,85.8,8.2,0.9,3,0.2
Madison,17119,38.82972500803403,-89.90486202272683,2018,265670,57890,132300,2.29,815,46.2,22.6,119056,448.1,9.8,70.8,74.8,31.1,58.2,13.7,85.3,8.4,1,3.2,0.2
Madison,17119,38.82972500803403,-89.90486202272683,2020,264403,64045,138500,2.16,835,46.1,22.1,119660,452.6,9.4,72.3,77,29.6,63.1,12.4,84.5,8.5,1,3.4,0.1
Madison,17119,38.82972500803403,-89.90486202272683,2022,265512,71759,159400,2.22,938,44.4,21.4,118715,447.1,8.3,73.1,77.8,30.8,65.4,12,83.3,8.5,0.9,3.7,0.1
Marion,17121,38.64951922415632,-88.91899716286756,2014,38922,41783,68500,1.64,626,46.7,23.6,18212,467.9,13.1,75.2,76.8,47.2,51.4,18.3,92,3.7,0.7,1.6,0.1
Marion,17121,38.64951922415632,-88.91899716286756,2016,38503,43427,72000,1.66,597,43.2,21.5,18132,470.9,12.6,74.9,76.8,47,47.5,18.3,91.7,3.5,0.8,1.8,0.2
Marion,17121,38.64951922415632,-88.91899716286756,2018,38084,46102,74900,1.62,619,38.8,18.7,18238,478.9,12.7,73.4,75.5,40.9,45.9,17.9,91.3,3.5,0.7,2,0.2
Marion,17121,38.64951922415632,-88.91899716286756,2020,37524,49925,81600,1.63,639,38.1,16.7,18272,486.9,11.7,74.6,76.1,47,65.5,16.5,90.6,3.4,0.6,2.1,0.1
Marion,17121,38.64951922415632,-88.91899716286756,2022,37543,59099,96200,1.63,734,35.8,17.2,17431,464.3,12.6,73.8,75,42.2,69.9,17,90.2,4.3,0.7,2.2,0
Marshall,17123,41.0332308542029,-89.34469432144849,2014,12319,53914,103200,1.91,628,34.3,14,5895,478.5,16.4,83.3,84.2,64.7,53.8,11.5,95.3,0.5,0.3,2.9,0.2
Marshall,17123,41.0332308542029,-89.34469432144849,2016,12060,54189,104200,1.92,643,33.7,17.2,5896,488.9,16,83.4,84.4,NA,53.5,9.9,95,0.4,0.4,3.1,0.2
Marshall,17123,41.0332308542029,-89.34469432144849,2018,11794,55901,104800,1.87,652,38.7,19.7,5906,500.8,17.2,82.1,82.6,NA,62,11.2,94.8,0.4,0.3,3.1,0.1
Marshall,17123,41.0332308542029,-89.34469432144849,2020,11562,57303,105700,1.84,661,29,11.5,5919,511.9,16.8,80.6,81.1,NA,65.7,10.9,94.1,0.3,0.1,3,0
Marshall,17123,41.0332308542029,-89.34469432144849,2022,11740,64940,124600,1.92,746,30,13.3,5828,496.4,14.8,78.7,79.3,NA,58.6,12.3,92.9,0.5,0.2,3.1,0
Mason,17125,40.239632367081164,-89.91701943754477,2014,14309,42476,80800,1.9,582,39.5,17.7,7049,492.6,12.7,76,75.7,100,100,16.7,97,0.6,0.6,1.1,0.2
Mason,17125,40.239632367081164,-89.91701943754477,2016,13931,43125,83100,1.93,615,38.3,16.1,7036,505.1,13.5,75.9,75.9,30,100,15.5,96.7,0.7,0.4,1,0.1
Mason,17125,40.239632367081164,-89.91701943754477,2018,13778,45596,79600,1.75,636,38.4,17.9,7049,511.6,14.5,78,78.2,24.3,100,15.4,96.6,0.9,0.2,1.1,0.1
Mason,17125,40.239632367081164,-89.91701943754477,2020,13486,50883,87600,1.72,655,36,20.2,7026,521,15.8,77.5,77.8,100,100,15.5,96.4,0.4,0.2,1.2,0.1
Mason,17125,40.239632367081164,-89.91701943754477,2022,13074,58479,97000,1.66,747,35.2,21.1,6646,508.3,12.9,80.4,80.5,100,100,13.7,95.9,0.5,0.3,1.4,0.1
Massac,17127,37.218885742814834,-88.7074541951875,2014,15148,43092,83200,1.93,681,43.9,24.8,7093,468.2,15.2,74.2,74.8,60.1,100,19,89.4,5.6,0.4,2.3,0.1
Massac,17127,37.218885742814834,-88.7074541951875,2016,14883,42706,82300,1.93,709,50.4,28.8,7082,475.8,16,75.5,77.4,53.8,63.2,18.8,88.9,6.4,0.4,2.6,0.1
Massac,17127,37.218885742814834,-88.7074541951875,2018,14430,42604,83700,1.96,640,46.1,20.3,7153,495.7,16,75.3,77.7,54.5,50.5,18,88.5,6.2,0.2,2.8,0
Massac,17127,37.218885742814834,-88.7074541951875,2020,14041,51195,88500,1.73,719,49.9,23.4,7099,505.6,20.8,77.1,79.1,63,37.1,17.1,87.5,5.5,0.2,3,0.1
Massac,17127,37.218885742814834,-88.7074541951875,2022,14135,57365,115200,2.01,738,48.1,13.3,6832,483.3,20.8,78.1,79.3,70,26.7,13.8,86.2,6.3,0.4,3.2,0
McDonough,17109,40.456106868609595,-90.6778549430889,2014,32388,37959,87100,2.29,656,53,34.6,14407,444.8,12.9,61.8,62.8,34.9,40.9,24.2,88.3,5,2.2,2.7,0.1
McDonough,17109,40.456106868609595,-90.6778549430889,2016,31727,41484,93300,2.25,612,45.3,27.3,14395,453.7,17.7,65.8,67,38.2,35.1,23.5,88.3,5.2,2,2.7,0.2
McDonough,17109,40.456106868609595,-90.6778549430889,2018,30875,43724,94200,2.15,628,42.9,24.6,14428,467.3,21.7,66.7,68.5,25.2,40.6,22,88.1,4.6,2.2,2.7,0.2
McDonough,17109,40.456106868609595,-90.6778549430889,2020,30107,43591,91700,2.1,714,51.4,37,14392,478,19.6,63.3,65.3,41.7,17.3,20.5,87.5,4.8,2.3,2.9,0.1
McDonough,17109,40.456106868609595,-90.6778549430889,2022,27370,48904,100400,2.05,688,50.8,33.7,13655,498.9,15,61.3,63.4,31.2,7.4,19.8,86.7,5.2,2.5,3,0
McHenry,17111,42.324360788123094,-88.45232744806661,2014,307888,76345,213400,2.8,1064,47.6,23.2,116534,378.5,6.3,81.6,83.8,50.6,59.4,7.6,82.9,1.2,2.6,11.9,0.1
McHenry,17111,42.324360788123094,-88.45232744806661,2016,307083,79836,208500,2.61,1100,45.3,21.2,117242,381.8,6.1,78.9,81.4,44,56.8,7.8,82.3,1.2,2.6,12.3,0
McHenry,17111,42.324360788123094,-88.45232744806661,2018,307789,84803,219600,2.59,1175,44.6,20.8,118132,383.8,5.3,79.3,82,51.5,56.8,7.1,81.5,1.4,2.7,12.8,0.1
McHenry,17111,42.324360788123094,-88.45232744806661,2020,307291,90014,234000,2.6,1200,45,21.6,118900,386.9,4.7,80.1,82.3,68.1,63.1,6.5,80.3,1.4,2.7,13.4,0.1
McHenry,17111,42.324360788123094,-88.45232744806661,2022,311133,100101,270600,2.7,1310,47.7,22.9,119985,385.6,3.8,82.2,83.5,57.3,73.6,6,78.7,1.5,2.8,14.3,0.1
McLean,17113,40.49084772445634,-88.84741917676082,2014,172390,61955,158800,2.56,768,43.4,25.2,70485,408.9,8.6,66.5,72.5,28.9,42.2,14.7,80.8,7.6,4.6,4.6,0.1
McLean,17113,40.49084772445634,-88.84741917676082,2016,173254,63420,161800,2.55,804,43,26,71254,411.3,7.4,64.9,70.8,27.2,47,14.2,80,8,4.9,4.7,0.1
McLean,17113,40.49084772445634,-88.84741917676082,2018,173219,65813,166700,2.53,830,39.3,23,72125,416.4,8.3,64.1,70.1,25.7,49.4,14.6,79.5,8.2,5.1,4.8,0.1
McLean,17113,40.49084772445634,-88.84741917676082,2020,172164,68037,166400,2.45,842,37.3,20.7,72580,421.6,8.8,64.9,70.5,24.1,51.4,15.2,79.1,8.2,5.1,5,0.1
McLean,17113,40.49084772445634,-88.84741917676082,2022,171284,75356,191300,2.54,941,37.9,20.6,74822,436.8,8.5,65,69.3,31.1,54.1,14.2,78.3,8.4,5,5.3,0.1
Menard,17129,40.02741590528893,-89.80224524981351,2014,12658,59989,119900,2,653,30.8,16.3,5659,447.1,9.5,80.5,80.6,60.9,100,9.7,96.3,0.9,0.4,1.2,0.1
Menard,17129,40.02741590528893,-89.80224524981351,2016,12576,60420,132700,2.2,659,34.5,18.5,5669,450.8,7.9,76.1,76.4,24,76.2,12.7,96,0.7,0.4,1.4,0.2
Menard,17129,40.02741590528893,-89.80224524981351,2018,12367,69102,137400,1.99,749,31.3,18,5718,462.4,9.1,77.2,77.3,70,0,9.6,95.7,0.5,0.5,1.5,0.1
Menard,17129,40.02741590528893,-89.80224524981351,2020,12261,77550,151900,1.96,750,27,14.5,5737,467.9,9.2,78.6,79.1,0,0,7.6,95.4,0.6,0.4,1.6,0.1
Menard,17129,40.02741590528893,-89.80224524981351,2022,12284,84846,177100,2.09,748,34.4,16.2,5605,456.3,9.3,79.6,79.7,NA,NA,7.9,95.1,0.9,0.4,1.3,0
Mercer,17131,41.205398426682244,-90.74136261445682,2014,16204,51259,93700,1.83,587,26.6,12.6,7371,454.9,9.6,78.1,78.5,76.9,55.9,10.9,96.4,0.4,0.3,2,0.1
Mercer,17131,41.205398426682244,-90.74136261445682,2016,15971,55750,98900,1.77,590,27.6,14.9,7368,461.3,10.9,77.9,78.1,0,75,10.3,96,0.5,0.3,2.1,0.1
Mercer,17131,41.205398426682244,-90.74136261445682,2018,15693,58011,106000,1.83,648,30.5,14.5,7420,472.8,10.7,77.9,78.6,0,51.7,11.4,95.5,0.6,0.3,2.3,0.1
Mercer,17131,41.205398426682244,-90.74136261445682,2020,15503,57182,111000,1.94,688,39.1,16,7431,479.3,12.8,78.7,79.4,11.5,57.5,10.1,94.9,0.5,0.3,2.5,0.1
Mercer,17131,41.205398426682244,-90.74136261445682,2022,15692,67028,131000,1.95,759,37.8,12.9,7311,465.9,12,79.5,79.9,20,68.2,8,94.1,0.6,0.4,2.8,0
Monroe,17133,38.278467842677564,-90.17721194389902,2014,33373,69592,192400,2.76,833,36.7,12.3,13598,407.5,7.7,82,82.6,0,72.5,5.4,96.8,0.3,0.5,1.5,0
Monroe,17133,38.278467842677564,-90.17721194389902,2016,33703,72956,192600,2.64,832,42.9,17,13771,408.6,5.4,83.1,83.4,5.9,100,4.4,96.7,0.3,0.7,1.5,0.1
Monroe,17133,38.278467842677564,-90.17721194389902,2018,33936,81268,209100,2.57,843,50.3,26.9,14062,414.4,5.1,84.5,84.5,14,98.6,5,96.4,0.2,1,1.5,0.1
Monroe,17133,38.278467842677564,-90.17721194389902,2020,34444,89648,220600,2.46,846,45.9,16,14333,416.1,5.3,84.9,85.1,41.7,93.5,3.1,96.3,0.3,1.1,1.6,0.1
Monroe,17133,38.278467842677564,-90.17721194389902,2022,34905,100685,254100,2.52,956,46.2,13.6,14560,417.1,6.8,84.1,83.8,81.2,96.6,4.3,95.6,0.6,0.6,1.7,0.1
Montgomery,17135,39.23090809479144,-89.47879030412774,2014,29740,45158,81100,1.8,606,31.9,15.3,12678,426.3,13.8,77.1,77.5,68.1,65.8,14.6,88.8,8.1,0.5,1.6,0.2
Montgomery,17135,39.23090809479144,-89.47879030412774,2016,29301,45173,80000,1.77,603,33.7,17.2,12966,442.5,12.9,77.4,77.7,34.6,69.7,15.4,88.8,8,0.3,1.7,0.2
Montgomery,17135,39.23090809479144,-89.47879030412774,2018,29009,50304,82200,1.63,619,32.2,14.4,13111,452,13.5,77.1,77.5,20,78.4,15.9,92,5,0.1,1.7,0.2
Montgomery,17135,39.23090809479144,-89.47879030412774,2020,28598,54886,90300,1.65,628,37.6,13.9,13122,458.8,11.5,76.4,77.2,7.3,48.7,15.6,92.7,3.7,0.3,1.8,0.1
Montgomery,17135,39.23090809479144,-89.47879030412774,2022,28352,61796,102000,1.65,684,37.1,13.9,12539,442.3,10.2,75.4,76.3,100,36.3,14,92.4,2.8,0.5,1.9,0.1
Morgan,17137,39.71553386512358,-90.20129773531136,2014,35272,46524,94600,2.03,615,42.8,18.2,15462,438.4,9.7,69.1,70.8,35.2,36.8,14.4,89.5,6.1,0.3,2.2,0.1
Morgan,17137,39.71553386512358,-90.20129773531136,2016,34801,47760,99300,2.08,654,41.3,20,15412,442.9,10.5,69.7,70.5,43,66.7,15,89.2,5.8,0.6,2.3,0.1
Morgan,17137,39.71553386512358,-90.20129773531136,2018,34426,48508,104800,2.16,686,40.1,18.7,15474,449.5,10.4,67.8,69.4,37.6,75.7,14.6,88.5,6.6,0.7,2.4,0.2
Morgan,17137,39.71553386512358,-90.20129773531136,2020,34012,53002,109700,2.07,684,38.8,18,15467,454.8,12.3,69.5,71.9,26,68.8,13.1,87.8,6.6,0.6,2.6,0.2
Morgan,17137,39.71553386512358,-90.20129773531136,2022,32882,61188,122000,1.99,700,36.1,13.8,15072,458.4,11.8,71,73.3,25.9,59.1,12.9,87.9,5,0.8,2.7,0.1
Moultrie,17139,39.64139686406198,-88.61923884615975,2014,14896,47438,96700,2.04,622,32.3,16.8,6295,422.6,9.9,77.6,77.6,NA,100,14.4,97.4,0.3,0.2,1.1,0.1
Moultrie,17139,39.64139686406198,-88.61923884615975,2016,14915,51432,101600,1.98,594,31.3,15,6349,425.7,8.6,75.6,75.7,NA,50,12.1,97.3,0.4,0.1,1.1,0.2
Moultrie,17139,39.64139686406198,-88.61923884615975,2018,14703,59623,109000,1.83,699,33.7,12.6,6446,438.4,8.3,77.6,78,NA,35.7,9.2,96.9,0.5,0.2,1.3,0.3
Moultrie,17139,39.64139686406198,-88.61923884615975,2020,14557,64033,108300,1.69,695,31.3,12.1,6513,447.4,7.2,76.2,76.8,68.8,66.2,9,96.5,0.8,0.2,1.5,0.3
Moultrie,17139,39.64139686406198,-88.61923884615975,2022,14531,72833,116400,1.6,767,28.3,10.7,6196,426.4,6,78,78.2,26.9,67.5,9.2,95.8,1,0.1,1.7,0
Ogle,17141,42.04265408418585,-89.32063910337237,2014,52782,55894,143600,2.57,693,36.3,18.1,22566,427.5,8,75.8,77.4,44.6,60.4,11.1,88.2,0.8,0.4,9.2,0
Ogle,17141,42.04265408418585,-89.32063910337237,2016,52034,55832,138500,2.48,684,37.9,17.7,22552,433.4,7.8,75.8,77.1,41.4,64.9,10.9,87.7,1,0.4,9.6,0
Ogle,17141,42.04265408418585,-89.32063910337237,2018,51328,59707,143100,2.4,743,33.8,16.2,22660,441.5,7.8,73.9,74.4,65.1,68.8,9.9,87,1,0.6,10,0.3
Ogle,17141,42.04265408418585,-89.32063910337237,2020,50793,63643,150400,2.36,763,31.6,15.8,22687,446.7,7.6,71.9,73.2,52.4,58.5,9.6,85.9,1,0.4,10.4,0.2
Ogle,17141,42.04265408418585,-89.32063910337237,2022,51672,75782,172900,2.28,841,33,12.3,22640,438.1,8.1,73.2,74.8,47.5,61,8.3,84.6,1.1,0.5,10.9,0.1
Peoria,17143,40.787910066450955,-89.76012321977613,2014,187197,51454,124700,2.42,712,44,21.9,83344,445.2,8.8,65.1,73.1,33.5,60.9,17,71.7,17.5,3.5,4.2,0.3
Peoria,17143,40.787910066450955,-89.76012321977613,2016,186818,51632,128800,2.49,738,43.3,22.3,83487,446.9,9.7,64.9,73,31.9,62,16.5,70.8,17.2,3.8,4.5,0.3
Peoria,17143,40.787910066450955,-89.76012321977613,2018,184463,54770,129900,2.37,778,41.7,22,83751,454,12.1,65.1,73.7,32.3,55.5,16.3,70.1,17.5,3.9,4.7,0.3
Peoria,17143,40.787910066450955,-89.76012321977613,2020,181111,55729,130700,2.35,813,42,23.4,83680,462,12.1,65.1,73.2,34,53.8,15.6,69.2,17.7,4.2,4.9,0.2
Peoria,17143,40.787910066450955,-89.76012321977613,2022,181186,63409,150400,2.37,909,43.4,24.4,84963,468.9,10.1,65.5,73.7,34.4,58,15.5,68,17.5,4.4,5.3,0.1
Perry,17145,38.08372352306206,-89.3669914084524,2014,22034,40532,77100,1.9,512,43.2,23,9439,428.4,14.7,75.2,77.1,49.7,35.3,17.1,86.4,8.4,0.4,2.9,0.3
Perry,17145,38.08372352306206,-89.3669914084524,2016,21595,43308,80600,1.86,527,43.5,26.7,9474,438.7,14.6,75,75.7,60.4,57,16.1,86.5,8.4,0.6,3,0.1
Perry,17145,38.08372352306206,-89.3669914084524,2018,21384,48298,85400,1.77,522,39.2,19.3,9583,448.1,13.1,74.9,75.8,46.8,35.3,16.3,85.9,9,0.6,3.1,0.1
Perry,17145,38.08372352306206,-89.3669914084524,2020,21092,51616,85700,1.66,593,37.7,18.8,9634,456.8,11.7,73.7,75.2,36,55.4,17.5,85.8,8.5,0.6,3.2,0.1
Perry,17145,38.08372352306206,-89.3669914084524,2022,20996,56338,102000,1.81,656,37.3,16.8,9170,436.7,11.2,76.9,78.8,52.9,70.6,17.5,86,7.9,0.6,3.2,0
Piatt,17147,40.010126303729194,-88.59116138904767,2014,16552,63002,118700,1.88,739,30.5,14.1,7310,441.6,9.4,82.8,82.9,100,91.7,6.7,97,0.3,0.1,1.1,0
Piatt,17147,40.010126303729194,-88.59116138904767,2016,16469,69160,126200,1.82,762,37,18.7,7338,445.6,9.3,83.3,83.7,100,73.1,5.7,96.7,0.4,0.5,1.3,0
Piatt,17147,40.010126303729194,-88.59116138904767,2018,16427,69271,130300,1.88,816,32.5,17.4,7404,450.7,9.5,81.8,81.8,100,75.4,5.9,96.3,0.5,0.5,1.3,0.1
Piatt,17147,40.010126303729194,-88.59116138904767,2020,16412,73668,143000,1.94,865,35.8,19.3,7435,453,9.1,82.3,82.5,0,76,5.7,95.9,1.1,0.6,1.4,0
Piatt,17147,40.010126303729194,-88.59116138904767,2022,16698,81151,168300,2.07,917,36.2,21.1,7377,441.8,8.1,83.3,83.3,0,100,7.2,95.6,0.9,0.1,1.5,0
Pike,17149,39.6224582887567,-90.88625772509107,2014,16244,38740,72700,1.88,507,32.6,18.2,7939,488.7,15.9,78.7,78.9,100,95,15.3,95.9,1.1,0.4,1.2,0.6
Pike,17149,39.6224582887567,-90.88625772509107,2016,16054,40157,74800,1.86,538,30.4,14,7930,494,16.6,77.8,78,100,58.8,14.4,95.6,1.2,0.3,1.3,0.6
Pike,17149,39.6224582887567,-90.88625772509107,2018,15754,42664,78800,1.85,566,29.1,9.1,7992,507.3,18.3,78.2,78.5,17.2,62.5,13.9,95.8,1.5,0.3,1.2,0.3
Pike,17149,39.6224582887567,-90.88625772509107,2020,15571,46605,83500,1.79,554,30.2,10.2,7999,513.7,21.8,79.4,80.6,18.8,69.2,14.2,95.5,0.9,0.3,1.3,0.1
Pike,17149,39.6224582887567,-90.88625772509107,2022,14776,55514,97000,1.75,641,28.6,17.2,7308,494.6,21.5,79,80.1,0,52.6,13.5,95.5,0.7,0.3,1.5,0
Pope,17151,37.41251262529344,-88.56149809434429,2014,4362,39395,107600,2.73,501,33.9,13.6,2664,610.7,37.2,83.3,83,100,100,16.5,92.7,3.4,1.4,1.2,0.2
Pope,17151,37.41251262529344,-88.56149809434429,2016,4255,39243,89300,2.28,371,42.7,13.8,2687,631.5,40.9,84.5,84.1,100,100,14.9,91,4.7,1.1,2,0.3
Pope,17151,37.41251262529344,-88.56149809434429,2018,4249,40671,87200,2.14,371,33.5,17.1,2827,665.3,41.8,85.1,84.7,100,100,13.2,91,5.2,0.6,1.9,0.2
Pope,17151,37.41251262529344,-88.56149809434429,2020,4177,43140,114600,2.66,325,27.4,13.3,2644,633,38.8,79.5,79,NA,100,21.4,89.4,5.7,0.8,3,0
Pope,17151,37.41251262529344,-88.56149809434429,2022,3799,57582,137500,2.39,393,16.7,6.4,2317,609.9,41.8,82.7,82.9,100,100,18.7,89.4,3.3,0,3.1,1.3
Pulaski,17153,37.223160358543815,-89.12663193180938,2014,5967,33946,56200,1.66,489,49.4,19.2,3144,526.9,25.7,77.9,81.9,70.6,57.7,18.5,63.6,32.5,0.2,1.7,0.3
Pulaski,17153,37.223160358543815,-89.12663193180938,2016,5792,32538,60800,1.87,474,42.5,18.1,3125,539.5,26.9,73.8,79.6,61.7,100,18.3,63.5,31.2,0.2,2,0.2
Pulaski,17153,37.223160358543815,-89.12663193180938,2018,5611,33799,63600,1.88,501,47.9,24.9,3167,564.4,31.4,74.8,81.7,60.2,100,18.9,63.6,29.9,0.3,2.2,0.1
Pulaski,17153,37.223160358543815,-89.12663193180938,2020,5414,37308,61300,1.64,518,27.3,21.1,3163,584.2,35.2,74.6,79.5,64,92.9,19.5,63.7,30.5,0.1,2.4,0.1
Pulaski,17153,37.223160358543815,-89.12663193180938,2022,5177,41038,81600,1.99,599,30.1,16.7,2862,552.8,34.1,71.7,77.8,58.4,85.2,25,62.8,31.4,0.2,1.9,0
Putnam,17155,41.20446588088603,-89.2857696822477,2014,5895,55360,123800,2.24,600,28.7,17,3095,525,21.6,81,81.5,NA,62.5,10.5,93.4,0.1,0.3,4.6,0
Putnam,17155,41.20446588088603,-89.2857696822477,2016,5746,64085,119200,1.86,647,23.8,13.8,3107,540.7,21.5,79.9,80.8,NA,60.6,10.4,92.9,0.3,0.4,5,0
Putnam,17155,41.20446588088603,-89.2857696822477,2018,5746,65034,124500,1.91,684,24.2,12.4,3147,547.7,23.9,80.5,81.1,NA,69.8,8.8,92.2,0.4,0.4,5.4,0
Putnam,17155,41.20446588088603,-89.2857696822477,2020,5720,64694,134800,2.08,682,35.1,19.6,3170,554.2,23.2,81.1,81.5,NA,75.5,9.6,91.7,0.5,1,5.8,0
Putnam,17155,41.20446588088603,-89.2857696822477,2022,5628,75726,161500,2.13,766,32.9,18.3,3071,545.7,21.8,82.2,82.2,NA,84.3,8.8,90.9,0.3,0.7,6.3,0
Randolph,17157,38.052071866499936,-89.82510514325686,2014,33091,48901,93600,1.91,634,36.2,20.8,13745,415.4,12.3,77,78.5,56.6,40.2,12.3,86.1,10.1,0.3,2.7,0.1
Randolph,17157,38.052071866499936,-89.82510514325686,2016,32934,48343,97800,2.02,639,32.5,17.2,13782,418.5,13.6,76.6,78.3,31.1,65.6,11.1,85.2,10.5,0.3,3,0.2
Randolph,17157,38.052071866499936,-89.82510514325686,2018,32546,52107,104700,2.01,663,31.3,11.9,13932,428.1,14.8,75.7,77.5,38.2,40.4,12.9,85,10.2,0.4,3.1,0.1
Randolph,17157,38.052071866499936,-89.82510514325686,2020,31973,55319,110900,2,674,31.4,10.3,13951,436.3,13.6,73.4,75.6,45.1,46.1,12.6,84.6,10.6,0.4,3.2,0.2
Randolph,17157,38.052071866499936,-89.82510514325686,2022,30413,63860,129400,2.03,740,37.3,15.5,13412,441,13.1,76,78,30.8,38,12.5,86.4,7.9,0.7,3.2,0.1
Richland,17159,38.71238297589777,-88.08509920482969,2014,16144,44514,79300,1.78,558,33.1,16.6,7514,465.4,12.5,73.8,74.5,0,32.4,15,96.2,0.4,0.5,1.4,0.1
Richland,17159,38.71238297589777,-88.08509920482969,2016,16072,45597,84500,1.85,543,35,17.1,7495,466.3,13.9,73,74,0,0,14.7,95.8,0.6,0.7,1.5,0.3
Richland,17159,38.71238297589777,-88.08509920482969,2018,15881,48724,87700,1.8,565,32.3,17.1,7516,473.3,13.8,71.7,73.1,0,42.6,15,95.4,0.9,1,1.7,0.3
Richland,17159,38.71238297589777,-88.08509920482969,2020,15677,55032,88800,1.61,569,29.3,13.6,7525,480,13.3,73.2,73.9,3.4,37.1,13.1,94.7,0.6,0.7,1.7,0.2
Richland,17159,38.71238297589777,-88.08509920482969,2022,15716,61607,106400,1.73,724,28.9,13.6,7364,468.6,11.9,73.1,74.5,5.9,10.1,13.7,94.2,0.6,0.3,1.8,0
Rock Island,17161,41.467380340213516,-90.56798211094646,2014,146964,48226,113200,2.35,672,45,22.5,65820,447.9,8.3,69.9,74.3,37,65.3,14.5,74.6,9.1,1.9,12,0.2
Rock Island,17161,41.467380340213516,-90.56798211094646,2016,146536,50208,114600,2.28,679,42.2,21.3,65800,449,8.7,69.1,73.8,36.8,65.4,15.1,73.3,9.2,2.3,12.3,0.2
Rock Island,17161,41.467380340213516,-90.56798211094646,2018,145275,52630,117000,2.22,733,41.5,21.2,66116,455.1,8.8,68.7,74.4,36,57.2,14.8,72,9.7,2.5,12.7,0.2
Rock Island,17161,41.467380340213516,-90.56798211094646,2020,142801,55980,123100,2.2,753,41.2,20.2,66183,463.5,8.4,67.9,73.2,32.1,65.4,14.4,71.2,9.8,2.4,13.1,0.3
Rock Island,17161,41.467380340213516,-90.56798211094646,2022,143819,64435,139800,2.17,846,42.3,20.2,66731,464,8.6,68.6,73.9,35.3,66.8,15.2,69.7,10.2,2.6,13.5,0.1
Saline,17165,37.75304651703918,-88.54072798552738,2014,24876,38772,71100,1.83,590,38.6,19.4,11644,468.1,13.5,71.6,73.2,43.2,0,21.3,92,3.9,0.6,1.5,0.2
Saline,17165,37.75304651703918,-88.54072798552738,2016,24659,40290,71200,1.77,565,35.6,17.9,11639,472,14,71.8,73.8,38,14.3,22.3,91.8,3.4,0.6,1.6,0.2
Saline,17165,37.75304651703918,-88.54072798552738,2018,24231,41167,73100,1.78,629,43,20.5,11692,482.5,14.5,72.4,73.2,47.2,68.2,22.2,91.5,2.8,0.8,1.8,0.2
Saline,17165,37.75304651703918,-88.54072798552738,2020,23735,43928,77900,1.77,664,43.6,23.4,11700,492.9,13.3,74.3,74.7,61.8,78,18.3,91.5,2.2,0.4,1.8,0.3
Saline,17165,37.75304651703918,-88.54072798552738,2022,23662,51710,87900,1.7,720,43.6,25.8,11579,489.4,12.2,74.2,74.5,68.9,50.8,18,92,2.5,0.7,1.8,0.1
Sangamon,17167,39.75812036939727,-89.65909231839777,2014,198808,55565,127500,2.29,738,47.3,26.4,90312,454.3,8,69.8,75.4,32.7,52,14.9,81.7,12.4,1.7,2,0.1
Sangamon,17167,39.75812036939727,-89.65909231839777,2016,198639,56742,133400,2.35,752,45.9,25.3,90612,456.2,8.5,69.6,75.8,30.7,40.2,15.2,81.1,12.5,1.8,2.1,0.1
Sangamon,17167,39.75812036939727,-89.65909231839777,2018,197661,60466,138100,2.28,799,45.5,26.9,91420,462.5,8.5,68.9,75.3,29.2,44.7,15.2,80.5,12.6,1.9,2.3,0.1
Sangamon,17167,39.75812036939727,-89.65909231839777,2020,195963,61743,144100,2.33,829,43.9,24.5,91952,469.2,8.5,70,76.3,30.8,54.6,14,79.9,12.6,2,2.4,0.1
Sangamon,17167,39.75812036939727,-89.65909231839777,2022,196122,71653,162400,2.27,927,42,22.8,92938,473.9,9.6,70.1,77.1,27.8,55,12.9,78.8,12.6,2.2,2.5,0.1
Schuyler,17169,40.15805410937795,-90.61495834601294,2014,7454,48575,78700,1.62,566,31.5,8.4,3443,461.9,11.6,81.5,81.2,NA,100,17.1,94.2,2.1,0,1.9,0.4
Schuyler,17169,40.15805410937795,-90.61495834601294,2016,7205,48396,80100,1.66,593,21.9,3.5,3442,477.7,13.9,81.8,82.7,0,100,20.1,93.9,4.8,0,0.3,0.1
Schuyler,17169,40.15805410937795,-90.61495834601294,2018,7064,46151,85900,1.86,641,24.1,6,3452,488.7,17.8,76.5,79.2,0,100,21.4,90.6,7.3,0,0.4,0.1
Schuyler,17169,40.15805410937795,-90.61495834601294,2020,6897,51376,96900,1.89,766,24.7,9.2,3448,499.9,20.8,76.9,77.9,0,100,17.4,92.7,5.1,0.1,0.9,0
Schuyler,17169,40.15805410937795,-90.61495834601294,2022,6879,63737,100500,1.58,817,24.5,9.5,3316,482,17.8,80.7,81.9,0,16.7,19.5,91.4,3.4,0.3,2.5,0
Scott,17171,39.6440337035921,-90.47460060254215,2014,5260,48500,83300,1.72,549,23.8,11.8,2449,465.6,15.3,76.7,76.8,NA,NA,13.9,97.5,0,0.2,1.5,0.1
Scott,17171,39.6440337035921,-90.47460060254215,2016,5169,46210,82600,1.79,552,25.1,12.3,2453,474.6,14.7,75.9,75.8,NA,100,14.9,97.2,0,0.1,1.2,0.4
Scott,17171,39.6440337035921,-90.47460060254215,2018,5047,53973,85000,1.57,543,23.4,8.9,2464,488.2,20.5,78.2,78,100,100,12.9,97.1,0.2,0.2,1.2,0.3
Scott,17171,39.6440337035921,-90.47460060254215,2020,4982,59352,91800,1.55,538,23.2,5.8,2452,492.2,19.5,82.5,82.2,100,100,12.2,96.5,0.4,0.4,1.2,0.2
Scott,17171,39.6440337035921,-90.47460060254215,2022,4899,70500,95000,1.35,619,23.9,7.7,2389,487.7,18.3,82,81.9,NA,NA,11,95.7,0,0.8,1.4,0.1
Shelby,17173,39.39107607097005,-88.80544151733383,2014,22216,47411,86100,1.82,622,32.3,18.4,10461,470.9,14.5,80.7,80.8,NA,68.8,11.5,97.7,0.4,0.3,0.9,0.3
Shelby,17173,39.39107607097005,-88.80544151733383,2016,22011,48572,86200,1.77,540,31,11.1,10475,475.9,12,80.4,80.5,100,68.4,12.9,97.5,0.6,0.3,1,0.2
Shelby,17173,39.39107607097005,-88.80544151733383,2018,21832,51157,90100,1.76,604,35.3,12.7,10584,484.8,13,80.2,80.7,100,55.3,11.2,97.3,0.9,0.1,1,0.1
Shelby,17173,39.39107607097005,-88.80544151733383,2020,21623,59134,105500,1.78,707,32.6,10.7,10628,491.5,13.8,80.3,80.4,100,81.6,9.8,97.1,0.6,0.3,1.1,0.1
Shelby,17173,39.39107607097005,-88.80544151733383,2022,21042,65585,125200,1.91,768,32.9,19.4,10053,477.8,12.8,79.2,79.3,100,71,10.3,96.5,0.3,0.3,1.2,0.1
St. Clair,17163,38.470214497159645,-89.92825254315723,2014,268415,50728,121300,2.39,802,47.5,22.7,117455,437.6,12.8,66.5,77.7,42.2,57.7,17.8,62.7,29.9,1.2,3.6,0.2
St. Clair,17163,38.470214497159645,-89.92825254315723,2016,265569,50006,120500,2.41,821,48.7,24,118372,445.7,13.3,65.4,76.9,40.6,56.9,17.6,62.4,29.7,1.4,3.8,0.2
St. Clair,17163,38.470214497159645,-89.92825254315723,2018,263463,53681,124700,2.32,844,46.4,23.3,119795,454.7,14,64.9,76.1,40.6,56.1,16.4,61.9,30,1.4,4,0.1
St. Clair,17163,38.470214497159645,-89.92825254315723,2020,261186,57473,134800,2.35,881,45.5,23,120618,461.8,13.3,65.9,78.4,40,57,14.4,61,29.7,1.4,4.2,0.1
St. Clair,17163,38.470214497159645,-89.92825254315723,2022,256791,68915,158500,2.3,1002,43.3,21.8,115165,448.5,12.6,67.9,79.2,43.4,67.3,13.8,60.1,28.1,1.6,4.5,0.3
Stark,17175,41.09334423772365,-89.79750487912962,2014,5888,52956,87800,1.66,600,23.3,12.1,2666,452.8,9.9,81.8,81.9,NA,100,9.9,96.8,0.4,0.5,1.1,0
Stark,17175,41.09334423772365,-89.79750487912962,2016,5840,52058,83900,1.61,571,23.2,13.7,2665,456.3,10.7,82.3,82.3,NA,75,13.4,96.5,0.7,0.6,1.3,0
Stark,17175,41.09334423772365,-89.79750487912962,2018,5500,52260,85400,1.63,596,26.7,15.2,2652,482.2,13.5,80.3,80.4,100,33.3,16.1,95.8,0.7,1.1,1.6,0
Stark,17175,41.09334423772365,-89.79750487912962,2020,5393,53828,87500,1.63,672,30.3,16.5,2651,491.6,13.1,80.3,80.5,100,35,14.4,94.5,0.6,1,2,0
Stark,17175,41.09334423772365,-89.79750487912962,2022,5395,58125,95900,1.65,758,38.5,18.8,2588,479.7,10.1,76,76.3,46.7,69,12.5,93.1,1.1,0.9,2.3,0
Stephenson,17177,42.35177760419422,-89.66225332030041,2014,47053,44631,100300,2.25,608,51.3,23,22005,467.7,12.2,71.5,75.1,38.3,54.6,15.5,84.5,9.1,0.8,3.2,0.1
Stephenson,17177,42.35177760419422,-89.66225332030041,2016,46283,45624,98700,2.16,615,47,20.3,21899,473.2,10.6,69.6,73.7,30.6,52.6,15.9,83.8,9.3,0.8,3.4,0
Stephenson,17177,42.35177760419422,-89.66225332030041,2018,45433,48016,97000,2.02,639,44.4,18.6,21961,483.4,10.7,68.7,74.1,34.7,29.5,14.4,82.9,9.8,0.8,3.8,0.1
Stephenson,17177,42.35177760419422,-89.66225332030041,2020,44683,50466,99600,1.97,671,41.6,17.7,21895,490,9.8,69.9,75.8,30.3,54.5,14.9,81.8,9.6,0.8,4.2,0.2
Stephenson,17177,42.35177760419422,-89.66225332030041,2022,44482,57527,122000,2.12,755,44.1,19.2,21402,481.1,9.6,69.5,74.7,30.4,58.5,13.3,81,8.7,0.9,4.6,0.1
Tazewell,17179,40.50741008794333,-89.51351173470047,2014,135872,57052,133300,2.34,680,37.5,15.4,57743,425,5.9,76.2,76.8,22.2,69.9,9.3,94.6,1.1,0.8,2.1,0.1
Tazewell,17179,40.50741008794333,-89.51351173470047,2016,135400,60178,137200,2.28,695,34.7,14.4,58172,429.6,6.1,76.2,76.9,10.2,71.7,7.9,94.3,1.2,0.9,2.2,0.2
Tazewell,17179,40.50741008794333,-89.51351173470047,2018,133852,62342,139700,2.24,731,34.4,15.6,58768,439.1,7.1,76.5,77.3,10.1,56.3,8.6,94.1,1.3,1,2.3,0.2
Tazewell,17179,40.50741008794333,-89.51351173470047,2020,132524,66220,142300,2.15,751,36,17.9,58941,444.8,8.4,76.4,77.2,4.4,64.1,8.6,93.7,1.2,1,2.4,0.1
Tazewell,17179,40.50741008794333,-89.51351173470047,2022,131276,74606,159100,2.13,850,39.8,20.5,58634,446.6,8.5,77.3,78,2.7,77.4,8.7,92.9,1.2,1,2.6,0.1
Union,17181,37.47127097351739,-89.25510917663911,2014,17620,41849,88400,2.11,519,39.2,26.2,7915,449.2,13.9,76.1,76.9,61.8,70.1,18,91.9,1.3,0.5,5,0
Union,17181,37.47127097351739,-89.25510917663911,2016,17458,45464,94200,2.07,475,24.5,15.8,7912,453.2,14.4,79.1,79.8,42.9,71,15.5,91.4,0.5,0.4,4.9,0
Union,17181,37.47127097351739,-89.25510917663911,2018,17127,49182,101500,2.06,570,28.4,16.8,7999,467,16.6,77.6,78.5,0,71.1,18.1,91,1.4,0.3,5.1,0.1
Union,17181,37.47127097351739,-89.25510917663911,2020,16829,51655,110500,2.14,639,34.9,14,8009,475.9,14.9,78,79,0,56,18.4,90.9,1.3,0.3,5.3,0.1
Union,17181,37.47127097351739,-89.25510917663911,2022,17122,54090,129300,2.39,710,42.5,19.6,7869,459.6,14.1,78.5,79.3,0,63.6,20.1,90.6,1.5,0.3,5.3,0.2
Vermilion,17183,40.18304102396812,-87.73282060470757,2014,80773,42548,75200,1.77,634,43.1,22.4,36137,447.4,12.6,70.1,75.3,33.5,63.2,19.1,79.7,13.5,0.8,4.5,0.2
Vermilion,17183,40.18304102396812,-87.73282060470757,2016,79613,43552,75800,1.74,639,43.2,22.1,36005,452.3,12.4,69,75,31,48.9,19.7,79.2,13.6,0.9,4.7,0.2
Vermilion,17183,40.18304102396812,-87.73282060470757,2018,78407,45384,78900,1.74,684,40.6,21.9,36133,460.8,13.7,69.2,75.8,29.5,49.6,19.6,78.5,13.9,0.9,4.9,0.3
Vermilion,17183,40.18304102396812,-87.73282060470757,2020,76704,46842,80900,1.73,683,39.4,21.4,36035,469.8,13.9,70.8,76.8,32.7,60.3,19,77.9,14.1,1,5.2,0.2
Vermilion,17183,40.18304102396812,-87.73282060470757,2022,74113,52787,91000,1.72,769,38.8,19.2,34496,465.5,13.3,69.5,75.1,31.6,63.7,17.5,77.4,14.5,1,5.4,0.1
Wabash,17185,38.44600845779254,-87.8444023382372,2014,11730,48679,82400,1.69,567,26.5,11.9,5549,473.1,13.4,75.6,75.8,100,33.9,13.3,95.9,0.3,0.7,1.4,0.3
Wabash,17185,38.44600845779254,-87.8444023382372,2016,11587,46871,80200,1.71,567,33.5,16.8,5542,478.3,12.6,73.7,74.5,39.1,33.8,12,95.3,1,1.3,1.7,0.1
Wabash,17185,38.44600845779254,-87.8444023382372,2018,11573,51432,80500,1.57,634,35.5,18.3,5578,482,12.2,76.3,76.5,50,80,11.8,94.3,0.8,1,2.3,0.1
Wabash,17185,38.44600845779254,-87.8444023382372,2020,11390,48878,80900,1.66,664,37.4,21.2,5559,488.1,14,80.5,80.6,NA,78.9,12,94.1,0.2,1.7,2.2,0
Wabash,17185,38.44600845779254,-87.8444023382372,2022,11321,54074,94100,1.74,728,29.5,19.7,5411,478,11.7,76.8,78.3,0,41.1,13.3,92.3,1,1.1,3,0
Warren,17187,40.84862070243444,-90.615010111355,2014,17784,43683,82000,1.88,613,36.7,18,7686,432.2,11.3,74.1,77.4,22,44.7,15.6,86.6,2.6,1.3,8.9,0.2
Warren,17187,40.84862070243444,-90.615010111355,2016,17611,44067,82500,1.87,559,30.8,11.8,7667,435.4,11.2,74.1,76.5,46,45.6,15.5,84.9,2.8,2.2,9.1,0
Warren,17187,40.84862070243444,-90.615010111355,2018,17338,49607,84300,1.7,633,31.3,15.1,7693,443.7,13,75.5,77.1,61.6,50.8,12.4,83.4,2.6,2.6,9.4,0.2
Warren,17187,40.84862070243444,-90.615010111355,2020,16981,54291,86900,1.6,608,29.3,12.3,7683,452.4,11.6,75.4,77.5,26.7,60.5,11.5,83,4,1.2,9.8,0.4
Warren,17187,40.84862070243444,-90.615010111355,2022,16760,62700,98200,1.57,697,23.7,10.4,7602,453.6,10.1,76.5,77.3,33.7,79.8,14.9,81.9,3.8,1.5,10.3,0.2
Washington,17189,38.352187747454,-89.41051601941847,2014,14527,52761,107500,2.04,629,34.5,17.1,6561,451.6,11.8,79.9,80.6,23.3,70.2,12.3,96.4,1,0.3,1.5,0
Washington,17189,38.352187747454,-89.41051601941847,2016,14369,54936,108600,1.98,645,29.1,15.2,6551,455.9,11.3,79.3,80.1,73.3,43.9,11.2,96.3,0.8,0.5,1.4,0.1
Washington,17189,38.352187747454,-89.41051601941847,2018,14155,59469,109400,1.84,680,26.2,14.3,6629,468.3,9.9,78.7,79.5,32.4,45.3,8.2,96.1,0.8,0.2,1.4,0.1
Washington,17189,38.352187747454,-89.41051601941847,2020,13967,64390,117400,1.82,723,23.4,7.7,6653,476.3,9.5,78.9,79.8,27.3,33.3,7.5,96,0.6,0.8,1.5,0.1
Washington,17189,38.352187747454,-89.41051601941847,2022,13781,75111,147100,1.96,801,26.4,9.9,6415,465.5,10.4,82.4,82.9,55.6,83.3,8,95.4,0.5,0.2,1.5,0.1
Wayne,17191,38.429555151275814,-88.42555737210989,2014,16627,44535,76800,1.72,522,32.1,11,7938,477.4,11.2,79.5,79.5,20,100,15.3,96.9,0.6,0.5,1.2,0
Wayne,17191,38.429555151275814,-88.42555737210989,2016,16517,46903,78000,1.66,569,32.6,12.3,7886,477.4,10.8,78.7,78.8,14.3,39.1,15.6,96.5,0.7,0.8,0.8,0.2
Wayne,17191,38.429555151275814,-88.42555737210989,2018,16487,49764,82000,1.65,625,33.1,10.4,7943,481.8,10.9,76.3,77.4,0,0,14.1,96.3,1.8,0.3,0.5,0.2
Wayne,17191,38.429555151275814,-88.42555737210989,2020,16309,50205,89000,1.77,577,32.3,9.7,8003,490.7,11.1,76.7,77.8,0,51,13.2,96.2,0.9,0.3,1.6,0.1
Wayne,17191,38.429555151275814,-88.42555737210989,2022,16127,53522,107900,2.02,607,29.2,11.6,7694,477.1,11,78.6,79.1,9.1,53.8,13.9,95.8,0.7,0.5,1.7,0
White,17193,38.08738977248988,-88.17960141830488,2014,14549,45347,71700,1.58,533,29,12.9,7145,491.1,11.8,75.7,76.1,0,76.6,14.4,97.2,0.4,0.5,1.2,0
White,17193,38.08738977248988,-88.17960141830488,2016,14410,43678,69000,1.58,536,26.2,12.4,7146,495.9,13.5,75.6,76.6,0,0,14,96.8,0.3,0.3,1.3,0.1
White,17193,38.08738977248988,-88.17960141830488,2018,14025,47773,69700,1.46,551,26.4,11.2,7176,511.7,15.2,77.9,78.6,0,19.6,13.1,96.5,0.7,0.4,1.4,0
White,17193,38.08738977248988,-88.17960141830488,2020,13712,48303,75400,1.56,560,26.8,14.3,7164,522.5,15.7,79.9,80.8,0,33,15.3,96.2,0.9,0.2,1.5,0.2
White,17193,38.08738977248988,-88.17960141830488,2022,13834,54605,101000,1.85,672,26.2,15.3,6778,490,16.3,76.4,76.9,23.1,43.5,15.3,96,0.8,0.5,1.5,0.1
Whiteside,17195,41.7562163041073,-89.91412668291984,2014,57680,48343,99200,2.05,636,43.6,19,25759,446.6,9.4,75.4,76.6,45.3,65.5,11.9,85.3,1.3,0.5,11.5,0.2
Whiteside,17195,41.7562163041073,-89.91412668291984,2016,57155,49151,99500,2.02,656,42.2,19.7,25722,450,8.6,75.3,76.3,33.8,67.1,11.4,85,1.7,0.4,11.7,0.2
Whiteside,17195,41.7562163041073,-89.91412668291984,2018,56396,53828,103400,1.92,679,35.1,18,25836,458.1,9.6,75.2,76.8,18,64.2,10.6,84.7,1.6,0.5,11.9,0.1
Whiteside,17195,41.7562163041073,-89.91412668291984,2020,55583,57172,107800,1.89,711,41.6,19.3,25831,464.7,10.1,74.3,76.8,20.9,60.9,9.8,84.1,1.2,0.6,12.3,0.1
Whiteside,17195,41.7562163041073,-89.91412668291984,2022,55569,62828,122200,1.94,785,42.9,17.4,25860,465.4,10.4,74.4,76.9,20.9,61.6,11.6,82.6,1.1,0.5,12.7,0.1
Will,17197,41.444971751545154,-87.97845278682468,2014,682108,76142,212700,2.79,1025,48.9,24.5,238521,349.7,6.3,81.9,87.3,54.4,72.3,8.2,66.2,10.8,4.8,16.1,0.1
Will,17197,41.444971751545154,-87.97845278682468,2016,685378,77507,210600,2.72,1067,48.8,24,239953,350.1,6.2,81.1,86.5,52.5,72.8,7.7,65.2,11,5.1,16.5,0.1
Will,17197,41.444971751545154,-87.97845278682468,2018,688697,83504,224800,2.69,1167,49.5,24.5,242568,352.2,6.1,81,86.6,53.4,71.9,7,64.2,11,5.3,17.1,0.1
Will,17197,41.444971751545154,-87.97845278682468,2020,689704,90800,239400,2.64,1183,46.8,24.1,245246,355.6,5.2,81.4,86.5,57.6,73.4,6.8,62.9,11.1,5.5,17.7,0.1
Will,17197,41.444971751545154,-87.97845278682468,2022,696774,103678,283600,2.74,1342,46.6,23.1,251029,360.3,4.8,82.2,87.5,60.1,73.4,6.7,60.9,11.3,5.8,18.6,0.1
Williamson,17199,37.73024628618122,-88.92992086552107,2014,66808,43855,98000,2.23,627,43,18.4,30602,458.1,12.6,72.2,74,27.6,39.2,15.2,91.1,4,0.8,2.2,0.4
Williamson,17199,37.73024628618122,-88.92992086552107,2016,67336,45902,101700,2.22,654,39.3,18.2,30794,457.3,13.3,71.8,73.9,29.9,44.6,14.9,90.4,4.2,1,2.4,0.2
Williamson,17199,37.73024628618122,-88.92992086552107,2018,67299,49053,111800,2.28,721,40.5,21.4,31200,463.6,13.2,69.9,72.4,33.1,42.2,15,89.9,4.1,1.1,2.6,0.2
Williamson,17199,37.73024628618122,-88.92992086552107,2020,66929,52076,120900,2.32,725,41.2,19.3,31435,469.7,11.1,70.6,73,29,57.1,13.9,89.4,3.9,1.2,2.7,0.2
Williamson,17199,37.73024628618122,-88.92992086552107,2022,67120,60325,139500,2.31,824,43.8,18.1,31811,473.9,10.3,71,72.6,30,51.8,13.2,88.5,3.3,1.5,2.9,0.3
Winnebago,17201,42.3361980272321,-89.16080727191643,2014,292026,47523,119400,2.51,750,46.4,25.2,125819,430.8,9.7,66.5,73.1,33,49.7,17.5,71.6,12.2,2.4,11.5,0.1
Winnebago,17201,42.3361980272321,-89.16080727191643,2016,288896,49468,116200,2.35,740,43.9,23,125591,434.7,9,65.5,72.6,31.1,46.5,15.5,70.7,12.3,2.5,11.9,0.1
Winnebago,17201,42.3361980272321,-89.16080727191643,2018,286174,52743,117000,2.22,777,45.1,23.7,125772,439.5,8.9,65.7,73.3,30.6,52.6,15.6,69.6,12.5,2.6,12.5,0.2
Winnebago,17201,42.3361980272321,-89.16080727191643,2020,283635,55310,121400,2.19,817,43.3,23,125703,443.2,7.9,65.5,73.5,28.7,57,15.8,68.1,12.8,2.7,13.1,0.1
Winnebago,17201,42.3361980272321,-89.16080727191643,2022,284591,61738,146800,2.38,941,45.2,23.6,125039,439.4,7.9,65.7,73.5,27.2,59.7,16.1,66.1,13,2.8,14.1,0
Woodford,17203,40.78825218080878,-89.21129827142333,2014,38965,68119,158000,2.32,733,33.4,16,15252,391.4,5.8,81.2,81.8,0,71.8,8.1,96.1,0.8,0.7,1.6,0.1
Woodford,17203,40.78825218080878,-89.21129827142333,2016,39123,68040,158600,2.33,714,31.7,17.5,15344,392.2,5.6,82,82,NA,97.4,7.7,95.8,0.5,0.8,1.7,0
Woodford,17203,40.78825218080878,-89.21129827142333,2018,38817,71867,162700,2.26,768,37.7,19.5,15540,400.3,6.3,81.9,81.9,100,85.5,7.2,95.6,0.6,0.5,1.8,0
Woodford,17203,40.78825218080878,-89.21129827142333,2020,38503,74777,170800,2.28,754,39,15.8,15625,405.8,6.2,80.6,80.9,52.9,79.1,5.9,95.4,0.6,0.5,1.9,0
Woodford,17203,40.78825218080878,-89.21129827142333,2022,38414,80093,186100,2.32,938,41.3,17.8,15711,409,6.3,82.3,82.4,56.7,89.7,7.5,94.6,0.6,0.5,1.9,0
